label,ED,SC_W,SC_L,SPE,SPE_W,COM,SI,SI_L,NAV,DIF,response
7Networks_LH_Cont_Cing_1-lh,45.30780454179475,431.19394800000003,56.91748000000001,0.017569295056632864,3171.461132566723,0.005885595020368566,8.431989027686607,8.431989027686607,0.017569295056632864,0.004549066727818433,
7Networks_LH_Cont_Cing_2-lh,56.289608395521306,0.0,inf,0.01203458354203307,2201.537811752885,0.0014693997824079621,inf,13.952822117513875,0.008398893697722135,0.00328554380860888,3429.233901500702
7Networks_LH_Cont_PFCl_1-lh,92.76624761401024,0.0,inf,0.008308434340354347,2214.649460879437,0.00031189758930940303,inf,13.259545992466174,0.006877336919085106,0.0017321079044784764,899.5716780424118
7Networks_LH_Cont_PFCl_2-lh,94.17222123205224,0.0,inf,0.008226896488859303,2438.914264589604,0.0011672184317239197,inf,16.00820343183186,0.008134791543526263,0.003931539862539237,795.7027280330658
7Networks_LH_Cont_PFCl_3-lh,92.56460211681191,0.0,inf,0.00806517565226705,2253.6931796182257,0.0007690256165501247,inf,12.494104248516146,0.00806517565226705,0.0035738319491604533,
7Networks_LH_Cont_PFCl_4-lh,75.10439887351255,418.47894,98.03495999999997,0.010200442780820234,2832.320072314816,0.006096984968764687,8.475170936237381,8.475170936237381,0.010200442780820234,0.0059140425792234734,
7Networks_LH_Cont_PFCl_5-lh,59.88927532099942,858.43332,79.26140000000001,0.012616481666990488,3370.153699656077,0.013536007726017645,7.438619881809535,7.438619881809535,0.012616481666990488,0.0056103940540758925,
7Networks_LH_Cont_PFCl_6-lh,35.83967480899103,2774.754999999999,55.63265999999998,0.017975052783742507,3572.908359353853,0.03272199960043912,5.746037469397367,5.746037469397367,0.017975052783742507,0.0053742123495487334,1547.6026186943054
7Networks_LH_Cont_Par_1-lh,27.989924647185557,2353.1275200000005,54.900819999999996,0.018214664188986613,2969.807992640681,0.03106221909441948,5.983818357371898,5.983818357371898,0.018214664188986613,0.0045520774299993546,
7Networks_LH_Cont_Par_2-lh,36.89254154077529,2176.336600000001,54.9646,0.018193528198149355,2607.1996821520215,0.02896780539738317,6.096496155942716,6.096496155942716,0.018193528198149355,0.004454586562418889,1002.4761069417
7Networks_LH_Cont_Par_3-lh,20.685756414868322,2589.42,44.03444000000001,0.02320776847558844,4784.089513412218,0.047458849684128966,5.845768874994407,7.077166819407927,0.022709497384320085,0.0028224493435124506,1449.4167782068253
7Networks_LH_Cont_Temp_1-lh,69.693904083864,386.43936,92.19567346938777,0.010846495962004502,2232.342777973387,0.00697283916836835,8.590083912603577,8.590083912603577,0.010846495962004502,0.004994435932439125,977.355095744133
7Networks_LH_Cont_pCun_1-lh,55.506585393165736,0.0,inf,0.010800708353656666,2011.1786181970358,0.0010561551712832096,inf,19.558278335172265,0.010191176275756922,0.0037709325574296175,1115.4172753095627
7Networks_LH_Default_PCC_1-lh,62.33059865190543,0.0,inf,0.011744930183437016,2194.041439756245,0.0004715849026099825,inf,12.671300071967233,0.006801770691360541,0.004793656455016352,1669.444091796875
7Networks_LH_Default_PCC_2-lh,50.900143220898954,0.0,inf,0.01195216361651435,2523.711623860253,0.0007650190419805367,inf,11.785642422445488,0.01195216361651435,0.004408759775270669,1563.729884147644
7Networks_LH_Default_PCC_3-lh,44.51205802234896,0.0,inf,0.013450868818518723,2523.6265378229573,0.000743515168979356,inf,13.103508082102174,0.013450868818518723,0.003109760419306798,2790.1368687152863
7Networks_LH_Default_PCC_4-lh,46.52568091469674,0.0,inf,0.011494007139617476,2254.8242375622744,0.0006757360439739472,inf,18.05253756234572,0.00873702311798843,0.003323159163955002,2184.2680134773254
7Networks_LH_Default_PFC_1-lh,85.7803809745173,0.0,inf,0.009708824583675894,2694.4233618124226,0.0013361847373517344,inf,13.845391638710176,0.00745584944194458,0.0033730415646844466,
7Networks_LH_Default_PFC_10-lh,70.53356655089837,0.0,inf,0.00880006223404012,2266.6121965712255,0.0009404810717052704,inf,16.695086920686872,0.008735797340683514,0.004494827349140974,1040.2755657434464
7Networks_LH_Default_PFC_11-lh,49.48837610306473,2866.6940000000004,68.63996000000002,0.014568773058725556,3241.7230807102023,0.026004210482423226,5.699009947203862,5.699009947203862,0.014568773058725556,0.009078865662931214,1326.3833094835281
7Networks_LH_Default_PFC_12-lh,55.90316394204516,264.59168,76.97718000000003,0.012990863006413065,2903.003523485268,0.005736612952297133,9.136558259798901,9.136558259798901,0.012990863006413065,0.005964853373508336,
7Networks_LH_Default_PFC_13-lh,59.705820726537624,0.0,inf,0.011403254899465485,2652.437181508693,0.003663470519645523,inf,12.114331168842762,0.010602965182831171,0.006735103662647518,1114.6352121531963
7Networks_LH_Default_PFC_2-lh,96.92080004830089,0.0,inf,0.007843208612721496,1932.0924764385236,5.666489669046861e-05,inf,17.897993755059893,0.004907129145923005,0.002648645844198629,1469.7638595104218
7Networks_LH_Default_PFC_3-lh,85.6159055012362,0.0,inf,0.008768156440745764,2326.201909510479,0.0014548299080711657,inf,14.679623408521994,0.008260909935925077,0.002353990652538205,756.2539947032928
7Networks_LH_Default_PFC_4-lh,115.97652917179347,0.0,inf,0.007370932756159814,2161.359740465294,0.0003332319405403163,inf,12.537372909663512,0.0067022295905044965,0.006392728450818456,
7Networks_LH_Default_PFC_5-lh,68.98815367921038,476.9344999999999,89.70538,0.011147603410185654,2800.3109139703643,0.007520610286305429,8.28653481034356,8.28653481034356,0.011147603410185654,0.005378184365059178,
7Networks_LH_Default_PFC_6-lh,89.87607960067753,0.0,inf,0.007850147590624851,2128.758233451572,0.00012172290788893258,inf,18.56081125781723,0.006196224516477621,0.003495910717998407,1348.5087646245956
7Networks_LH_Default_PFC_7-lh,102.65645739543618,0.0,inf,0.00813061144312011,2379.46018022134,0.0005723113306532397,inf,15.33616975992287,0.00688475552646211,0.006714562811134935,
7Networks_LH_Default_PFC_8-lh,73.33829485459204,0.0,inf,0.009181485277855615,2306.670017845748,0.000398536617048784,inf,17.703528059572744,0.008383652012713638,0.004714227081444605,
7Networks_LH_Default_PFC_9-lh,82.22847383874426,0.0,inf,0.009698329579109951,2596.5825588519424,0.001529969159386206,inf,12.00880721243586,0.009698329579109951,0.006472996429192759,
7Networks_LH_Default_PHC_1-lh,72.46671320638755,0.0,inf,0.008981129748285875,2275.7832412485013,0.00041966237222611165,inf,12.292785083844448,0.008981129748285875,0.00318549285571397,625.6922793127596
7Networks_LH_Default_Temp_1-lh,91.94313712750952,0.0,inf,0.009943073913231962,2762.004515696133,0.001219419514456166,inf,12.567593931267412,0.009867586852032574,0.004157519472329505,
7Networks_LH_Default_Temp_2-lh,75.27907029100764,0.0,inf,0.008637410490515087,2414.1418746773106,0.00181222036920905,inf,12.60131310906391,0.008625243674575456,0.004273212581166812,972.5372843146324
7Networks_LH_Default_Temp_3-lh,69.94205989330125,0.0,inf,0.010346654305863658,2439.9725735588995,0.002057713986056603,inf,13.086770609904613,0.010271525728323074,0.005088544433286991,
7Networks_LH_Default_Temp_4-lh,62.146256353805086,0.0,inf,0.010093956566512413,2121.5616147311825,0.0031527970971935875,inf,12.894722716129122,0.008868826148125925,0.004053307219248232,
7Networks_LH_Default_Temp_5-lh,49.811016137628144,0.0,inf,0.011414563476273346,2248.433391572018,0.00458751875148453,inf,11.425575601636117,0.011134478670347283,0.005028989177042337,
7Networks_LH_Default_Temp_6-lh,49.671444286485055,368.684928,68.31245999999997,0.0146386179036738,2571.944482354189,0.007683057954481652,8.657937517411389,8.657937517411389,0.0146386179036738,0.0028868618940917777,775.9083532243967
7Networks_LH_Default_Temp_7-lh,53.21284753869997,602.0273999999998,74.06126,0.01350233576906469,2322.728824596304,0.008307874304299804,7.950496807365122,7.950496807365122,0.01350233576906469,0.0047823271714064015,
7Networks_LH_Default_Temp_8-lh,38.223567903907515,0.0,inf,0.014730720947998493,2320.5114187369536,0.004236475142266404,inf,12.001401231918992,0.012981756218715591,0.003051304973575396,739.0471406579018
7Networks_LH_Default_Temp_9-lh,40.69723356848748,2998.2914,64.25024000000002,0.015564144196192882,2998.2914,0.028608783779173492,5.634257258426874,5.634257258426874,0.015564144196192882,0.007427221440123157,
7Networks_LH_DorsAttn_FEF_1-lh,29.15662459310391,1695.4814,49.30886,0.02028033095877698,4703.859033941068,0.026966107471382724,6.4567029045599655,6.4567029045599655,0.02028033095877698,0.00399946574102971,
7Networks_LH_DorsAttn_FEF_2-lh,43.82803617196483,330.0361000000001,70.60454,0.014163395158441653,3959.4068869795897,0.010813843173386696,8.817702119115486,8.817702119115486,0.014163395158441653,0.004194061531857293,1853.4122525453568
7Networks_LH_DorsAttn_Post_1-lh,71.48351561973824,492.63802000000004,89.4036666666667,0.0111852235739772,2072.4942549700613,0.005338662955360185,8.239797982990149,8.239797982990149,0.0111852235739772,0.004779543874068715,1053.6216437220573
7Networks_LH_DorsAttn_Post_10-lh,37.11907010402141,631.09484,61.57456,0.021620817560946925,3736.669854016745,0.01396208489806456,7.882469129469674,9.473668902425908,0.01624047333833973,0.004563810764579682,1156.1698489785194
7Networks_LH_DorsAttn_Post_2-lh,64.94624436718101,943.4415200000002,82.24220408163264,0.012159207199838807,2552.3755088434928,0.013068125670871218,7.302392863092356,7.302392863092356,0.012159207199838807,0.004186537597561527,
7Networks_LH_DorsAttn_Post_3-lh,45.85274135005257,0.0,inf,0.013524191532846293,2094.8513441179175,0.0031524938425654433,inf,14.209271188518809,0.013357415863641088,0.0030531534087412417,
7Networks_LH_DorsAttn_Post_4-lh,20.938866719600618,18383.264,24.106640000000002,0.041482346772507485,18383.264,0.17502767728312882,3.018076823359498,3.018076823359498,0.041482346772507485,0.004526118009162322,
7Networks_LH_DorsAttn_Post_5-lh,20.216936242727265,13699.006,20.920380000000005,0.047800278962428014,13699.006,0.1603274030727093,3.442398552255772,3.442398552255772,0.047800278962428014,0.0027570039368552323,
7Networks_LH_DorsAttn_Post_6-lh,26.79132481882156,2056.6822400000005,40.51834000000001,0.024794675293891285,3924.4276344370937,0.04090027337111511,6.178078949284588,7.100832262556028,0.02468018186332411,0.0022844670707097337,1770.404073357582
7Networks_LH_DorsAttn_Post_7-lh,51.16315570735048,0.0,inf,0.013916362107081953,2300.770306517223,0.00436530896429159,inf,14.322333219375905,0.012532358549775524,0.005704766769331062,947.0960465669632
7Networks_LH_DorsAttn_Post_8-lh,34.688737550187604,1528.3281200000004,56.736899999999984,0.018375360846148617,2890.63124567533,0.02653838234441285,6.6064435502811065,7.875908350972821,0.01762521392603403,0.00452440936519872,1323.1890490055084
7Networks_LH_DorsAttn_Post_9-lh,45.602157664117726,0.0,inf,0.01474357386589481,2678.004266583296,0.0022691157358095335,inf,14.443756242664815,0.012026602845494233,0.004709857436983701,1361.9562882184982
7Networks_LH_DorsAttn_PrCv_1-lh,41.79581782015365,1651.0098000000005,56.59798,0.017668475093987453,4306.304188647752,0.024808355006074947,6.495049178391411,6.495049178391411,0.017668475093987453,0.004843310462583712,1387.2792401313782
7Networks_LH_Limbic_OFC_1-lh,89.80991852020408,0.0,inf,0.010461165850904952,2227.054899463802,0.0003589627901899139,inf,11.997139254525537,0.010461165850904952,0.002499640925210058,1269.5568288564682
7Networks_LH_Limbic_OFC_2-lh,103.67347416125872,0.0,inf,0.008685327962326522,2113.8439984314814,0.0002364720992779223,inf,12.469015311136822,0.00541848533611569,0.004434476601460693,
7Networks_LH_Limbic_TempPole_1-lh,91.17867181963378,0.0,inf,0.009100552367126473,2460.4476364383013,0.0004911151495308203,inf,11.826413396179115,0.00891460733294204,0.003196673026237283,814.5433340668678
7Networks_LH_Limbic_TempPole_2-lh,80.21613893432357,0.0,inf,0.008605152409583223,2316.524363025191,0.0009880883112165272,inf,11.296694339294271,0.0076272158587512824,0.0038916105794458357,923.425558745861
7Networks_LH_Limbic_TempPole_3-lh,98.20977112776498,0.0,inf,0.011204961377618625,2807.4239404909113,0.001039125997994178,inf,10.35278934221718,0.011204961377618625,0.0017706823750995343,
7Networks_LH_Limbic_TempPole_4-lh,79.87060133838455,0.0,inf,0.012021042594641065,2501.129850176914,0.0010108805361434322,inf,10.779719382464153,0.012021042594641065,0.0017241729706512724,1078.0972648859024
7Networks_LH_SalVentAttn_FrOper_1-lh,63.89927242650315,3643.543400000001,63.497380000000014,0.015748681284172665,4356.734126798917,0.031949933735151634,5.353055686728672,5.353055686728672,0.015748681284172665,0.009731836234481392,1597.0745453834534
7Networks_LH_SalVentAttn_FrOper_2-lh,70.29404489169471,0.0,inf,0.011851424849403946,2628.1116645324705,0.0021421374482742143,inf,13.555536448442414,0.007972857840596101,0.0018643850403637307,
7Networks_LH_SalVentAttn_FrOper_3-lh,50.0777012006789,428.6790000000001,59.51985999999999,0.016801114787568388,4600.077859660613,0.012007223482107643,8.440428212480517,8.440428212480517,0.016801114787568388,0.002543398571559803,
7Networks_LH_SalVentAttn_FrOper_4-lh,57.688069848057076,1307.5734,68.01956,0.014701653465561966,3280.4338209545813,0.01866273773771556,6.831505928428076,6.831505928428076,0.014701653465561966,0.006351906669087007,
7Networks_LH_SalVentAttn_Med_1-lh,54.592866610234836,0.0,inf,0.010338304472577957,2846.5472491634237,0.001083928033623049,inf,15.095949774544254,0.007970712414304878,0.005251681759011359,2757.073916912079
7Networks_LH_SalVentAttn_Med_2-lh,30.90418025948566,0.0,inf,0.014300210613501913,3272.8320896061214,0.0014493814811381317,inf,13.871246298084797,0.0,0.003795618083113467,
7Networks_LH_SalVentAttn_Med_3-lh,45.26151338379894,0.0,inf,0.013460461106939865,4342.519158067557,0.006054237731770574,inf,10.944124401233935,0.013460461106939865,0.005346354616491608,3208.5835359096527
7Networks_LH_SalVentAttn_PFCl_1-lh,71.13272714720432,0.0,inf,0.009652559965080897,2602.188505163841,0.0023896617319259838,inf,10.012295537401691,0.008069508812226405,0.005303700449065616,
7Networks_LH_SalVentAttn_ParOper_1-lh,38.170119808298686,0.0,inf,0.015001995265370296,2695.9671606645506,0.0049859265693222715,inf,11.059942172219078,0.010167729058091836,0.003518415230478518,
7Networks_LH_SalVentAttn_ParOper_2-lh,29.800326255219336,3593.4835799999996,40.605659999999986,0.024950660069712142,6139.498957030865,0.049440873014129964,5.373014768312105,6.583785578732079,0.024627108634609075,0.003909704179162761,
7Networks_LH_SalVentAttn_ParOper_3-lh,23.374558777660397,1416.1051199999995,52.06149999999999,0.022149591251443047,3860.4368658975354,0.02704992790542892,6.716469498948245,7.499417444645291,0.01920805201540486,0.00391938790565742,
7Networks_LH_SomMot_1-lh,58.08925880824489,0.0,inf,0.012858250136168871,2463.4574054998707,0.0023801163602322323,inf,10.860328893282771,0.005637829020882744,0.0026006847625212244,933.0129950046539
7Networks_LH_SomMot_10-lh,5.637000571832207,30630.697999999997,19.796999999999997,0.05051270394504218,30630.697999999997,0.2674975872851256,2.2814915244094074,2.2814915244094074,0.05051270394504218,0.004828129919950534,2394.483121395111
7Networks_LH_SomMot_11-lh,24.675874358246386,3077.03626,40.803219999999996,0.02450786972204645,5156.756518825628,0.053138845271331,5.596856417575351,5.596856417575351,0.02450786972204645,0.002768214884097615,3315.0221601724625
7Networks_LH_SomMot_12-lh,17.688633994253912,8916.618999999999,40.88083999999999,0.02446133690012241,11806.602877309004,0.09369243595028758,4.061901088853006,4.061901088853006,0.02446133690012241,0.006205392375360851,2524.6371265649796
7Networks_LH_SomMot_13-lh,22.717852881412075,6297.2296,23.683060000000005,0.04222427338359147,6297.2296,0.0869106489326484,4.563680592500637,4.563680592500637,0.04222427338359147,0.0025839734169197277,2263.550059556961
7Networks_LH_SomMot_14-lh,29.859406814674706,838.4824000000001,51.14098,0.019553790326270633,6577.77536466909,0.02015337219234314,7.472545455547917,7.472545455547917,0.019553790326270633,0.005245854577766237,1575.9688193798065
7Networks_LH_SomMot_15-lh,44.29234219305338,831.0899000000004,76.43126,0.01914110786435386,4564.514332672633,0.014196937278087301,7.485321413543902,8.722364350974528,0.013083651898450975,0.00752034299099404,1148.201890975237
7Networks_LH_SomMot_16-lh,28.422301495794187,779.8731799999998,51.41360000000002,0.025507288962894035,3408.9439697828943,0.024348426924647552,7.57708641956177,8.356571819874334,0.01945010658658409,0.0014048862702604162,1967.697390794754
7Networks_LH_SomMot_2-lh,51.891846483796556,0.0,inf,0.012898785295591143,2748.054986927273,0.00399652693731705,inf,11.678751154330296,0.012024514618442912,0.003961570754878959,910.8747287988663
7Networks_LH_SomMot_3-lh,38.95082117669517,1377.7320000000002,49.255959999999995,0.02030211166323832,4018.0586370325323,0.023045204038637333,6.756102583606671,6.756102583606671,0.02030211166323832,0.002967004439034786,1216.3929779529572
7Networks_LH_SomMot_4-lh,51.065599790839414,1856.473,56.83277999999999,0.017595479228712727,6414.405388569962,0.032240656940503695,6.325833528950549,6.325833528950549,0.017595479228712727,0.004770386051892957,
7Networks_LH_SomMot_5-lh,32.26316653477894,392.04947999999996,49.342879999999994,0.021580970073237178,4041.971560804594,0.014378326564111608,8.569290210754724,9.528296738957536,0.020266348457974082,0.0017519771225877152,
7Networks_LH_SomMot_6-lh,32.51002436497288,10845.19,37.57733999999999,0.026611782526384256,10845.19,0.10347961919419774,3.7794144390533866,3.7794144390533866,0.026611782526384256,0.006527315284336615,
7Networks_LH_SomMot_7-lh,19.769212027412614,8641.999999999998,42.557779999999994,0.0234974662682123,8641.999999999998,0.08659723691910612,4.107032631233675,4.107032631233675,0.0234974662682123,0.006290751840128781,2147.7369935512543
7Networks_LH_SomMot_8-lh,39.40081740919135,0.0,inf,0.01287519608923644,3762.537603727469,0.0021471537911937197,inf,12.05099430953686,0.012809444146980688,0.0037440392453885287,2409.781780600548
7Networks_LH_SomMot_9-lh,0.0,0.0,0.0,inf,inf,0.0,,,inf,0.0,1885.9825019836426
7Networks_LH_Vis_1-lh,66.71916826582573,0.0,inf,0.008834756828619145,1818.6465379315623,0.0003168410830108047,inf,12.744875167421096,0.008731982345765412,0.0028897027638263373,786.813727542758
7Networks_LH_Vis_10-lh,72.79762514196861,0.0,inf,0.009054321367785252,1971.2520250454916,0.00017765187953715884,inf,16.825767309311285,0.007494995591443593,0.005687043641327388,
7Networks_LH_Vis_11-lh,70.82422037628008,0.0,inf,0.010650069598204824,2227.071623330874,0.0013036814098532142,inf,10.608222051397563,0.010650069598204824,0.0050441632463959895,
7Networks_LH_Vis_12-lh,66.50993504475782,0.0,inf,0.009502041703700873,1846.7267045304864,7.186439059546389e-05,inf,22.23850225279798,0.008222284068571315,0.002173678957383969,1007.3419177532196
7Networks_LH_Vis_13-lh,75.50640014215877,0.0,inf,0.010169930039017276,2018.9074423731347,0.0005820401609821238,inf,18.26691285015173,0.008317939599780673,0.007671331302478508,
7Networks_LH_Vis_14-lh,70.78291556754483,0.0,inf,0.01048688143566805,2089.8805639057073,0.0007525330234596997,inf,18.73131428966147,0.010348652305358924,0.005232434856871437,602.1162062287331
7Networks_LH_Vis_2-lh,81.36271822198817,0.0,inf,0.009367905056094897,1976.186862620435,0.0005895637197061567,inf,12.310583522681517,0.009367905056094897,0.004721406384821446,928.175020813942
7Networks_LH_Vis_3-lh,73.07678046454207,280.845694,85.60331250000002,0.0116817909353683,2219.5784125117702,0.0034445681542410057,9.050548273742166,9.050548273742166,0.0116817909353683,0.004703302281106824,
7Networks_LH_Vis_4-lh,77.61468736345779,0.0,inf,0.008418824685630035,1894.1471153546463,0.00014706513542344475,inf,19.323789966870905,0.007676029343541171,0.0030918916642529264,1346.3514456748962
7Networks_LH_Vis_5-lh,98.51432097115043,0.0,inf,0.009130506228819935,1855.763348695292,0.00035637881541092636,inf,13.457953227359244,0.009130506228819935,0.003175174558937886,
7Networks_LH_Vis_6-lh,65.31212778738282,0.0,inf,0.010637038873173795,1695.7207771977507,9.32104782943968e-05,inf,15.796017245445183,0.007234320310045605,0.0011793725024249638,
7Networks_LH_Vis_7-lh,89.17403688551313,0.0,inf,0.008332193674398535,1923.851608466993,0.000331816135375579,inf,21.374762165485226,0.007301364951845582,0.004923787405660732,
7Networks_LH_Vis_8-lh,63.044055566865744,511.32719999999995,76.0241,0.013153723621851491,2382.368594588595,0.0065520474584946755,8.186079184962074,8.186079184962074,0.013153723621851491,0.0052687692828427175,
7Networks_LH_Vis_9-lh,86.870798317277,0.0,inf,0.00914961635658617,1985.1501172370467,0.0002532374768776675,inf,14.896613445720883,0.00914961635658617,0.002968255601397758,
7Networks_RH_Cont_PFCl_1-rh,126.066251634067,0.0,inf,0.005549367394314518,1781.281497026431,4.637547772099945e-05,inf,26.336927217857315,0.00496771778276051,0.00425790125440303,
7Networks_RH_Cont_PFCl_2-rh,117.23507201304595,0.0,inf,0.006156590667248834,1671.2233301531558,7.654483214555254e-05,inf,26.13216960876951,0.005165118508479058,0.003191153383220197,
7Networks_RH_Cont_PFCl_3-rh,116.18167915442145,0.0,inf,0.00619061957701725,1885.6406630117729,0.00015424380114297675,inf,25.1413003726834,0.005424434321003485,0.004436934195123719,
7Networks_RH_Cont_PFCl_4-rh,105.63455687468013,0.0,inf,0.00681595238212083,2109.031552625439,0.0003118703475501927,inf,21.372783306809794,0.005008973576161693,0.0056698188049129905,
7Networks_RH_Cont_PFCl_5-rh,104.1053804182869,0.0,inf,0.006448695596546905,1736.3177590576001,0.00021675151923246567,inf,22.412427471246417,0.005747947666545919,0.004487742183991553,
7Networks_RH_Cont_PFCl_6-rh,102.04546901081405,0.0,inf,0.007054741407042777,1893.0836620575667,0.0003103797510727388,inf,21.91576931634599,0.005114790737032139,0.00390298286970453,
7Networks_RH_Cont_PFCl_7-rh,99.64985796459305,0.0,inf,0.007363289847216153,2194.6563054788808,0.0010059105157389646,inf,20.207985908188945,0.005903827593120483,0.008017032082718908,
7Networks_RH_Cont_PFCmp_1-rh,60.001664209219705,328.53669600000006,68.32864,0.014635151526504846,2616.0609546610985,0.004409098814012078,8.824271435266763,8.824271435266763,0.014635151526504846,0.00498820738229915,1032.2876224517822
7Networks_RH_Cont_PFCmp_2-rh,66.71765888978948,0.0,inf,0.010864052891424222,2082.377809436776,0.0011649816812665116,inf,13.770811956345723,0.010864052891424222,0.00342854213484684,
7Networks_RH_Cont_PFCmp_3-rh,85.80121090601642,0.0,inf,0.008400723940786321,2004.7973483712667,0.00038340306486516173,inf,17.3048361180875,0.006622757782568238,0.0034918013180810035,
7Networks_RH_Cont_PFCmp_4-rh,76.19849401356367,0.0,inf,0.007856650694095807,2073.170264450502,0.0010207336608287888,inf,17.394160364149474,0.006066676413793438,0.007074578516640738,
7Networks_RH_Cont_PFCv_1-rh,107.79496749492438,0.0,inf,0.005712139255557455,1675.876414646032,1.7346950511250874e-05,inf,25.23452685747535,0.005487568845666846,0.0013430777145882562,
7Networks_RH_Cont_Par_1-rh,103.47339199756941,0.0,inf,0.008228794725145091,1479.0735216472965,0.0004477649842455466,inf,15.287465752337415,0.006288703230455256,0.004168986917373921,
7Networks_RH_Cont_Par_2-rh,97.74850526069635,0.0,inf,0.008272981930152868,1566.1974028275517,0.00013655080790287783,inf,16.767548439127587,0.005597590502774276,0.0029050257140226447,563.2363545894623
7Networks_RH_Cont_Par_3-rh,88.32197204653457,0.0,inf,0.008329727524616996,1785.6241671823236,0.00011407941014180961,inf,17.628140725633966,0.005805903191645037,0.003813945546514633,
7Networks_RH_Cont_Temp_1-rh,121.88128229405268,0.0,inf,0.007054494559573795,1409.3151915512317,5.760793210215251e-05,inf,16.90919522581258,0.007054494559573795,0.00503737562220017,834.1193463802338
7Networks_RH_Cont_pCun_1-rh,74.33598785796998,0.0,inf,0.009004800278932693,1894.0566957935823,0.00018659703784338537,inf,15.733711809060448,0.007093230380160958,0.002848848615240786,
7Networks_RH_Default_PCC_1-rh,74.7516243037122,0.0,inf,0.010413205515500085,2135.590494718736,0.00019483208503394024,inf,16.162648281217866,0.010031496893947616,0.004218003921924662,1397.115795135498
7Networks_RH_Default_PCC_2-rh,65.8340154512124,0.0,inf,0.011243282138921994,2368.243202956286,0.0009675859395174281,inf,14.142407933573823,0.008506085182165954,0.005969334435782357,1433.0946749448776
7Networks_RH_Default_PCC_3-rh,61.917413989063355,0.0,inf,0.00973277877257591,2196.9168440940193,0.0009819366722373646,inf,13.098728090481574,0.006388675374577229,0.0037304077797340545,1136.3933267593384
7Networks_RH_Default_PFCm_1-rh,107.64809295047259,0.0,inf,0.006723426731591662,1854.3223714700357,5.341691807758287e-05,inf,19.49790785207087,0.0050449235305626014,0.004081510237573228,993.0570105314255
7Networks_RH_Default_PFCm_2-rh,102.20628399129896,0.0,inf,0.007499509157125666,1924.9547379916137,9.876379402541636e-05,inf,18.832017848015454,0.0056353623042049725,0.003085572196385179,1001.5468089580536
7Networks_RH_Default_PFCm_3-rh,84.38637587965387,0.0,inf,0.008481769962184877,1706.6518022633195,0.00013580427392270044,inf,18.776078690097894,0.007552098909537333,0.0020601262245242957,1186.7819534540176
7Networks_RH_Default_PFCm_4-rh,106.08302176258661,0.0,inf,0.006664688587094019,2064.4701046252976,0.0003203701805126996,inf,18.575963363126085,0.005244810443634391,0.007578003382209459,
7Networks_RH_Default_PFCm_5-rh,94.43963824477697,0.0,inf,0.007028230716010843,1911.3048253035233,0.0004975181594471567,inf,19.71477817561417,0.005840899049872632,0.006879813233139093,
7Networks_RH_Default_PFCm_6-rh,92.13846361808292,0.0,inf,0.007459777254035106,1822.394836404713,0.00047720806051933766,inf,21.323625911063136,0.006055960221546404,0.0046968653959359825,
7Networks_RH_Default_PFCm_7-rh,83.1587474221677,0.0,inf,0.007584870913081931,1758.5955396467677,0.00030161708212898315,inf,22.095072856785055,0.00611417064210042,0.0025626353324803472,
7Networks_RH_Default_PFCv_1-rh,123.00507470457521,0.0,inf,0.006249425834001502,2009.5457934800288,0.00019907251019447283,inf,21.222369826815328,0.0051208825287983074,0.005830454290387428,
7Networks_RH_Default_Par_1-rh,99.73049761191398,0.0,inf,0.006972701991236344,1575.6806280168698,6.565305371943799e-05,inf,20.958405467166102,0.005342212238347112,0.00467629962302881,
7Networks_RH_Default_Par_2-rh,98.11591343403049,0.0,inf,0.00818438703769876,1510.7401017225245,5.248526970065648e-05,inf,17.055478232502775,0.00555095273324098,0.00397396417230034,
7Networks_RH_Default_Par_3-rh,99.5109871359327,0.0,inf,0.007910397347169145,1654.3791475686069,0.00014710325053975503,inf,16.708810982425067,0.0051313814506378915,0.004818277150799426,
7Networks_RH_Default_Temp_1-rh,130.43526874258396,0.0,inf,0.006103323406074369,1455.5792266745143,1.931986161842825e-05,inf,20.408173443901884,0.005684852471825017,0.003865271692462505,
7Networks_RH_Default_Temp_2-rh,129.74534998721614,0.0,inf,0.006437650262804196,1427.4461510965496,4.4130938609569576e-05,inf,16.251320337563627,0.006437650262804196,0.00514760898684068,
7Networks_RH_Default_Temp_3-rh,116.44985342445055,0.0,inf,0.006798946979091879,1601.4568712035905,8.442002736762975e-05,inf,16.17386404968617,0.006798946979091879,0.004021879761785025,
7Networks_RH_Default_Temp_4-rh,123.21000796433378,0.0,inf,0.007102823599671227,1306.854351467406,2.581760163155662e-05,inf,17.59386026292044,0.007102823599671227,0.002048744497895819,
7Networks_RH_Default_Temp_5-rh,105.20154184108709,0.0,inf,0.0071195274684184885,1246.6248221505555,2.2059486453962195e-05,inf,24.24830061416057,0.006179343837723511,0.0017902239388353982,691.9647698607296
7Networks_RH_DorsAttn_FEF_1-rh,82.79456134419269,0.0,inf,0.007494524874852675,2159.5007412533114,0.001822023515966588,inf,21.201533296302568,0.006918246390577902,0.0035224872595323213,
7Networks_RH_DorsAttn_FEF_2-rh,77.234588579463,0.0,inf,0.007645278642883529,1885.1124127815287,0.0008382768279479191,inf,21.300328111561104,0.00631678978721641,0.003112536098239007,
7Networks_RH_DorsAttn_Post_1-rh,115.43189114122895,0.0,inf,0.006259440964841498,1483.4708628823498,2.3258877406468325e-05,inf,23.77168225793341,0.00616156004785314,0.0050547060487206195,
7Networks_RH_DorsAttn_Post_10-rh,68.5929157479819,307.98542999999995,118.49551020408164,0.00843913831231012,2516.5064847428916,0.0039239211615412295,8.91746385471273,8.91746385471273,0.00843913831231012,0.004507159970614415,702.3154927492142
7Networks_RH_DorsAttn_Post_2-rh,105.4510130055429,0.0,inf,0.006624097566068087,1481.4652752658524,3.94323055504398e-05,inf,20.436091354438283,0.004819714364487248,0.0041455657527212485,
7Networks_RH_DorsAttn_Post_3-rh,102.44022282017474,0.0,inf,0.008413964353735178,1773.2774747348146,0.00027240151987136934,inf,16.937328061870264,0.005783495315542299,0.003227182780999454,
7Networks_RH_DorsAttn_Post_4-rh,91.16238788381966,0.0,inf,0.008190905768379862,1510.5643029882312,0.00014939152566775923,inf,17.66357067162995,0.00579253407470582,0.0027587697549271025,716.2614446282387
7Networks_RH_DorsAttn_Post_5-rh,82.2242943872314,0.0,inf,0.007204291221657599,1793.071732636216,0.0001584370088842543,inf,20.46759441065711,0.0056824078897742564,0.0025289509370553,
7Networks_RH_DorsAttn_Post_6-rh,74.05175174955373,0.0,inf,0.008460513177503088,1793.3831659329753,0.00033398977112343266,inf,15.427335680356379,0.006060485210708018,0.004365143433289397,
7Networks_RH_DorsAttn_Post_7-rh,79.30640097209246,0.0,inf,0.007263702320694784,1720.5071130004726,0.00012939974007155228,inf,21.616873450717218,0.006709456219139976,0.002406864471656519,679.005722284317
7Networks_RH_DorsAttn_Post_8-rh,74.33028759198119,0.0,inf,0.008404523852627011,2007.5735611456348,0.0004188871130872454,inf,16.31363100490827,0.007190296138333479,0.004813635526851919,
7Networks_RH_DorsAttn_Post_9-rh,62.367028114269765,0.0,inf,0.008960430559440898,2108.001536674812,0.0015724518650054014,inf,13.94123102390361,0.007236163847034384,0.004409487691001578,
7Networks_RH_DorsAttn_PrCv_1-rh,103.46990876443488,0.0,inf,0.006878502533490054,2339.275893848354,0.0007886707665560412,inf,19.296822744282277,0.005527029939921185,0.007554088798892147,
7Networks_RH_Limbic_OFC_1-rh,114.1716715716037,0.0,inf,0.00598237902223758,1720.3990345039228,1.8724575106879354e-05,inf,22.116658408104367,0.00443128804870092,0.0035146928935508507,
7Networks_RH_Limbic_OFC_2-rh,117.2749188637538,0.0,inf,0.005607105413693919,1755.7743672757965,1.68171636057693e-05,inf,23.220203377277482,0.005267792443077815,0.003911666035535792,
7Networks_RH_Limbic_OFC_3-rh,124.17079836761793,0.0,inf,0.00604416885183518,1955.5017003914697,6.189235527640387e-05,inf,23.060054439474023,0.004935172073164125,0.004376534251126639,
7Networks_RH_Limbic_TempPole_1-rh,125.53102979590126,0.0,inf,0.005963140309148375,1362.273544951271,5.132649707378567e-06,inf,21.090343687317457,0.0038700795528182155,0.002848425672632788,
7Networks_RH_Limbic_TempPole_2-rh,127.37822555363354,0.0,inf,0.00609462679062738,1366.8183312514361,9.77545789907795e-06,inf,21.817918822183543,0.0060305701662869415,0.003791274766932475,
7Networks_RH_Limbic_TempPole_3-rh,109.85215633305657,0.0,inf,0.006893283079844432,1434.1605379456,1.206208853548568e-05,inf,19.79783838878601,0.00328073956525597,0.00186627016629389,
7Networks_RH_SalVentAttn_FrOper_1-rh,114.85541019606349,0.0,inf,0.006663446889129838,1557.5922636997132,5.527618831641762e-05,inf,19.897837029003938,0.006358059998214657,0.0036343275978631146,675.2356251478195
7Networks_RH_SalVentAttn_FrOper_2-rh,109.37841874586246,0.0,inf,0.007630494814697249,1723.4071778438595,0.00038773902197829533,inf,15.302927703417524,0.007630494814697249,0.005335286911776474,
7Networks_RH_SalVentAttn_FrOper_3-rh,104.6675465040923,0.0,inf,0.005933907427009081,1771.3696935485634,3.0773506487894267e-05,inf,24.093325667417123,0.0056919304136462436,0.0011693118208681832,
7Networks_RH_SalVentAttn_FrOper_4-rh,98.79033624521276,0.0,inf,0.006849424846946177,2244.9623409778374,0.0004385555116403429,inf,19.46837098182121,0.006529036322073706,0.005989755254816336,
7Networks_RH_SalVentAttn_Med_1-rh,70.52080626125749,0.0,inf,0.010387044115230545,2397.685745023426,0.0010968949721070422,inf,13.875900837354413,0.010387044115230545,0.004480625495047875,2540.44893181324
7Networks_RH_SalVentAttn_Med_2-rh,66.57412417888338,279.87163999999996,95.11075510204083,0.010870243426057236,2420.4250567587706,0.0039149072980945426,9.055560654147445,12.928626005861856,0.010514058046612465,0.003729113554776137,
7Networks_RH_SalVentAttn_Med_3-rh,63.997564673142065,0.0,inf,0.008341569242698958,2930.0906819604857,0.0033370442167819643,inf,17.19575160368804,0.006485271041526747,0.0074815572134992285,678.8838121294975
7Networks_RH_SalVentAttn_PrC_1-rh,99.07261756335373,0.0,inf,0.007103867061073364,2118.8387922496436,0.0015163959351492545,inf,21.093172596902413,0.006146040493310711,0.004545113549661079,730.9994008541107
7Networks_RH_SalVentAttn_TempOccPar_1-rh,110.36621964343826,0.0,inf,0.0067932733550699976,1398.3860865201052,3.3550468026460424e-05,inf,19.913437806859307,0.004997523523113744,0.00260261845321945,
7Networks_RH_SalVentAttn_TempOccPar_2-rh,110.05032083273872,0.0,inf,0.00793207730475628,1277.272966497595,8.999233896119711e-05,inf,15.999348933619999,0.005428388465608637,0.002692350940650677,938.7516302466393
7Networks_RH_SalVentAttn_TempOccPar_3-rh,99.45270342763209,0.0,inf,0.008408010479744264,1522.4444450953465,0.000665104387534493,inf,15.11185967612232,0.006617156435995438,0.003797180730402727,
7Networks_RH_SomMot_1-rh,108.6054595885382,0.0,inf,0.0077077457140694566,1550.9052634212494,0.00014789774728980553,inf,15.758746350543253,0.0077077457140694566,0.002512250958824492,1243.5381395816803
7Networks_RH_SomMot_10-rh,83.93265105371768,0.0,inf,0.008721161951803018,2208.432958621759,0.001533380586335776,inf,16.98918531816667,0.007050407168064364,0.003644636276427195,
7Networks_RH_SomMot_11-rh,58.62412584391638,0.0,inf,0.010048427390968033,2985.246654455932,0.0029993928874604845,inf,14.322056646954003,0.00712950663243743,0.0034190619890269803,2216.494221687317
7Networks_RH_SomMot_12-rh,83.7184230119118,0.0,inf,0.007159642413091608,2223.024071413852,0.00038440836474963206,inf,12.350922627406788,0.007159642413091608,0.0026747912235123884,1036.631015330553
7Networks_RH_SomMot_13-rh,78.00797414816284,0.0,inf,0.008588937242696914,1899.602891532088,0.00033179405397255115,inf,17.45996097438399,0.007390706042956799,0.002335701956754206,901.048818051815
7Networks_RH_SomMot_14-rh,79.16882412969929,289.9658140000001,114.19619999999999,0.00875685880966267,2606.896784996099,0.003781379615284114,9.004443135704625,9.004443135704625,0.00875685880966267,0.004859190970932782,1205.1125025749207
7Networks_RH_SomMot_15-rh,74.47621981147562,0.0,inf,0.008344477382878168,2075.643047910528,0.0006216610183398807,inf,17.036590331564522,0.006670753615048154,0.002978072052956413,1209.8038126826286
7Networks_RH_SomMot_16-rh,69.79229632969988,0.0,inf,0.008567858467203265,2437.0580253535036,0.00239215344227308,inf,16.51372105623566,0.007278042625748929,0.004759053183261252,931.335558893159
7Networks_RH_SomMot_17-rh,59.447979105521405,387.00921999999986,118.81122448979593,0.008707508013955,3162.53424763924,0.006112522450000522,8.58795801990425,14.741980748250514,0.008416713187615407,0.0029541835909298987,
7Networks_RH_SomMot_18-rh,54.38817494382428,684.63884,118.05619999999999,0.009091652953423464,3581.5910557031493,0.009431020263244399,7.764982817365368,12.726357417185746,0.008470541996100164,0.005986031593707014,
7Networks_RH_SomMot_19-rh,66.41475334352893,0.0,inf,0.00828186979443074,2554.877882076779,0.0008897378378038443,inf,17.51621868482183,0.007362359339871027,0.0014802881218931448,1501.7047047615051
7Networks_RH_SomMot_2-rh,122.1390933465329,0.0,inf,0.007531768623465346,1500.4389011864228,0.00014578909257776426,inf,15.227643941137936,0.006052850775364007,0.0035189144281245447,
7Networks_RH_SomMot_3-rh,89.78347844131146,0.0,inf,0.007669528014178196,1793.5327408877276,0.0001533391433193193,inf,20.567790758361973,0.006330040193223211,0.002702677192615063,
7Networks_RH_SomMot_4-rh,89.98564396345832,0.0,inf,0.009062104778955329,1313.819215977387,8.898768819032583e-05,inf,17.438474670258866,0.0059289005615469825,0.0014648317593555034,
7Networks_RH_SomMot_5-rh,114.9796477731606,0.0,inf,0.006990133705879499,1862.03857189719,0.00025598920087345186,inf,20.284599577387908,0.006823010959256663,0.002884601285317989,
7Networks_RH_SomMot_6-rh,108.90468953935611,0.0,inf,0.0076992121088280555,1570.8437958270963,0.0001244575275573151,inf,21.718210018982035,0.005524161744362345,0.0017711558418526166,935.3972390592098
7Networks_RH_SomMot_7-rh,101.5879993764962,0.0,inf,0.008002720925114538,1944.2437481452862,0.0010581682535743505,inf,17.00557917129884,0.005867446176449362,0.004754262532329386,
7Networks_RH_SomMot_8-rh,62.834413576634056,0.0,inf,0.011614142866965105,2090.5455727591825,0.0010902147033890963,inf,15.101660034734415,0.011614142866965105,0.0017061623984660965,1846.3694565296173
7Networks_RH_SomMot_9-rh,94.27629912931195,0.0,inf,0.008221735356782273,2037.383719839924,0.0006009917899166974,inf,16.656303887906134,0.00635575095676297,0.0037501662735236127,741.8192791938782
7Networks_RH_Vis_1-rh,114.68971723322667,0.0,inf,0.006810055757842271,1436.4715340523132,3.840990626748611e-06,inf,21.738426576338405,0.00679483445812758,0.003380259815912504,731.6878579854965
7Networks_RH_Vis_10-rh,94.47754810959398,0.0,inf,0.008237127217628808,1594.9742276092559,2.7790966302093903e-05,inf,21.436386089739194,0.005797779376192685,0.0033193642821100072,
7Networks_RH_Vis_11-rh,104.92069831011531,0.0,inf,0.006709647389817766,1617.0450265588302,1.1754588298196668e-05,inf,24.026284794389667,0.00530445194207677,0.004367344184427539,
7Networks_RH_Vis_12-rh,95.07139103999683,0.0,inf,0.0068044611524855836,1711.1172971389121,2.4932546804872358e-05,inf,21.54049021407963,0.005209052567951293,0.0056431218363743214,
7Networks_RH_Vis_13-rh,79.53595820145462,0.0,inf,0.007741464289122898,1675.3215802626214,2.0450689066571552e-05,inf,20.680484406270786,0.0059767107974225365,0.003667313357576465,
7Networks_RH_Vis_14-rh,86.02289952264388,0.0,inf,0.00724205781624437,1770.9701925340808,7.894551154872756e-05,inf,18.873199579031304,0.005113463401211164,0.006047567734426896,
7Networks_RH_Vis_15-rh,90.19814223876446,0.0,inf,0.0073970160479531226,1645.9554283875343,5.3506072737431244e-05,inf,22.315665420388473,0.005879172316011338,0.004125126740486111,
7Networks_RH_Vis_2-rh,102.30610617156174,0.0,inf,0.007979566192878816,1616.9905281297674,2.1294593438943998e-05,inf,18.296591003557015,0.00795867600739329,0.002886581569004502,
7Networks_RH_Vis_3-rh,106.59834644618215,0.0,inf,0.007030892399474659,1565.081321284615,5.855051429363215e-06,inf,19.682126386181146,0.004358979582450677,0.004766081089625839,
7Networks_RH_Vis_4-rh,91.50852597774438,0.0,inf,0.00778716277261697,1558.1741585238208,4.8846766834969545e-06,inf,18.612074758816693,0.00778716277261697,0.0031027035328652043,1187.1035432219505
7Networks_RH_Vis_5-rh,115.54760164480435,0.0,inf,0.006240265631348356,1548.6950577050357,7.077137691921849e-06,inf,24.261923894197412,0.004886876391188989,0.004548754585986846,
7Networks_RH_Vis_6-rh,105.54887260360445,0.0,inf,0.0063805860375794506,1631.0452900188925,1.665396788648867e-05,inf,21.942478142370955,0.0041532032557490065,0.004636535925763607,
7Networks_RH_Vis_7-rh,90.6338784516731,0.0,inf,0.00938477754514913,1607.4800238624696,4.9021147789975926e-05,inf,15.376526745795008,0.00938477754514913,0.0022929660597213212,
7Networks_RH_Vis_8-rh,114.7492134977921,0.0,inf,0.006212796664147112,1613.0672168186481,7.977612773468957e-06,inf,23.552114339897305,0.004535567630713476,0.004218266596577473,
7Networks_RH_Vis_9-rh,91.29238478540894,0.0,inf,0.0074212320174039765,1616.9280139122814,8.73640716149419e-06,inf,18.61514003355724,0.005045067848492,0.004260151047089634,
