regionName,1_Visual_A,2_Visual_B,3_Somatomotor_A,4_Somatomotor_B,5_Temporal_Parietal,6_Frontoparietal_Area,7_Dorsal_Attention_B,8_Salience+Ventral_Attention_A,9_Salience+Ventral_Attention_B,10_Control_A,11_Control_B,12_Control_C,13_Default_A,14_Default_B,15_Default_C,16_Limbic_A,17_Limbic_B
V1_L,0.0646145630697638,0.2042489241068378,0.0,0.0,0.0,0.0,0.0,0.0,0.0,0.0,0.0,0.0,0.0,0.0,0.0,0.0,0.0
V6_L,0.0,0.0652539246628683,0.0,0.0,0.0,0.0,0.0,0.0,0.0,0.0,0.0001434411532668,0.0,0.0,0.0,0.0,0.0,0.0
V2_L,0.0804819466866165,0.1301889916503063,0.0,0.0,0.0,0.0,0.0,0.0,0.0,0.0,0.0001885428777927,0.0,0.0,0.0,0.0008894536213468,2.8382079554969e-05,0.0
V3_L,0.087554780641817,0.055593220338983,0.0,0.0,0.0,0.0,0.0,0.0,0.0,0.0,0.0,0.0,0.0,0.0,0.0,0.0,0.0
V4_L,0.0927933167662454,0.0029342522774574,0.0,0.0,0.0,0.0,0.0,0.0,0.0,0.0,0.0,0.0,0.0,0.0,0.0,0.0,0.0
V3A_L,0.025272046143783,0.0474578970418441,0.0,0.0,0.0,0.0,0.0,0.0,0.0,0.0,0.0,0.0,0.0,0.0,0.0,0.0,0.0
V7_L,0.0231455486929939,0.0073064015972133,0.0,0.0,0.017047817047817,0.0,0.0,0.0,0.0,0.0,0.0,0.0,0.0,0.0,0.0,0.0,0.0
IPS1_L,0.0001891431813883,0.0003447532859297,0.0,0.0,0.0155996880062398,0.0,0.0,0.0,0.0,0.0,0.0004705513293075,0.0152624039588488,0.0,0.0,0.0029013539651837,0.0003891429127347,0.0
V3B_L,0.0076737985302724,0.0,0.0,0.0,6.179323981956374e-05,0.0,0.0,0.0,0.0,0.0,0.0,0.0,0.0,0.0,0.0,0.0,0.0
V6A_L,0.0051452594591202,0.0317677783961981,0.0,0.0,0.0062712775488263,0.0,0.0,0.0,0.0,0.0,0.0004650081376424,0.0,0.0,0.0,0.0052547770700636,0.0,0.0
MST_L,0.0050241545893719,0.0,0.0,0.0,0.0191047700691935,0.0,0.0,0.0,0.0,0.0,0.0,0.0,0.0,0.0,0.0,0.0,0.0
V8_L,0.0496702764837558,0.0001629925430911,0.0,0.0,5.768676088837612e-05,0.0,0.0,0.0,0.0,0.0,0.0,0.0,0.0,0.0,0.0,0.0,0.0
FFC_L,0.0643497878283289,0.0,0.0,0.0,0.0548833856767749,0.0,0.0,0.0,0.0,0.0,0.0,0.0120254173594187,0.0,0.0,0.0,0.0,0.0
LO1_L,0.0175405388352577,0.0,0.0,0.0,0.0,0.0,0.0,0.0,0.0,0.0,0.0,0.0,0.0,0.0,0.0,0.0,0.0
LO2_L,0.0221074510297915,0.0,0.0,0.0,0.0013786489240544,0.0,0.0,0.0,0.0,0.0,0.0,0.0,0.0,0.0,0.0,0.0,0.0
PIT_L,0.047698076095642,0.0,0.0,0.0,0.0,0.0,0.0,0.0,0.0,0.0,0.0,0.0,0.0,0.0,0.0,0.0,0.0
MT_L,0.0303237432424035,0.0,0.0,0.0,0.0118350198236582,0.0008804108584005,0.0,0.0,0.0,0.0,0.0,0.0,0.0,0.0,0.0,0.0,0.0
A1_L,0.0,0.0,0.0,0.0466394804410209,0.0,0.0,0.0,0.0,0.0,0.0,0.0,0.0,0.0,0.0,0.0,0.0,0.0
52_L,0.0,0.0,0.0,0.0043509338968828,0.0,0.0,0.0011396629853743,0.0,0.0,0.0,0.0,0.0,0.0,0.0001016466761536,0.0,0.0,0.0009496998270189
RI_L,0.0,0.0,0.0002727768685215,0.0500581724888875,0.0,0.0,0.0,0.0,0.0,0.0,0.0,0.0,0.0,9.514747859181732e-05,0.0,0.0,0.0
PFcm_L,0.0,0.0,0.0009876218066894,0.0544418409557696,0.0,0.0,0.02517518155179,0.0,0.0,0.0,0.0,0.0,0.0,0.0001812579300344,0.0,0.0,0.0
TA2_L,0.0,0.0,0.0,0.0470351758793969,0.0,0.0,0.0053163211057947,0.0,0.0,0.0,0.0,0.0,0.0,0.0364629994624619,0.0,0.0,0.0029214139643587
EC_L,0.0,0.0,0.0,0.0,0.0,0.0,0.0,0.0,0.0318541996830427,0.0,0.0,0.0,0.0,0.0,0.0275965198477433,0.0,0.0
PreS_L,0.0,0.0099752645878107,0.0,0.0,0.0,0.0,0.0,0.0,0.0,0.0,0.0,0.0,0.0,0.0,0.0278418926716676,0.0,0.0
H_L,0.0,0.0021397154970876,0.0,0.0,0.0001131029802635,0.0,0.0,0.0,0.0069171012025114,0.0,0.0,0.0,0.0,0.0,0.0282548476454293,0.0,0.0
PeEc_L,0.0,0.0,0.0,0.0,0.0,0.0,0.0,0.0,0.1937075304849669,0.0,0.0,0.0,0.0,0.0,0.0242130750605326,0.0,0.0
STGa_L,0.0,0.0,0.0,0.0051823686804675,0.0,0.0,0.0007963963067121,0.0,0.0069100116045996,0.0,0.0,0.0,0.0,0.0905929403581985,0.0,0.0005580876197563,0.014993418306739
PBelt_L,0.0,0.0,0.0,0.0570835187657617,0.0,0.0,0.0,0.0,0.0,0.0,0.0,0.0,0.0,0.0155631013016412,0.0,0.0,0.0
A5_L,0.0,0.0,0.0,0.0029711485834918,0.0,0.0,0.0,0.0,0.0,0.0,0.0,0.0,0.0,0.1416421833926086,0.0,0.0024726681855914,0.0413149574879523
PHA1_L,0.0009186427054027,0.0254588288938708,0.0,0.0,0.0092191186961532,0.0,0.0,0.0,0.0006723906072204,0.0,0.0,0.0,0.0,0.0,0.1398195876288659,0.0,0.0
PHA3_L,0.0120131277478481,8.410075270173667e-05,0.0,0.0,0.0147449130050132,0.0,0.0,0.0,0.014391674969556,0.0,0.0,0.0,0.0,0.0,0.0215650030807147,0.0,0.0
STSda_L,0.0,0.0,0.0,0.0,0.0,0.0,0.0,0.0,0.0,0.0,0.0,0.0,0.0,0.0537802668423653,0.0,0.0089397656037067,0.060402051152987
STSdp_L,0.0,0.0,0.0,0.0,0.0,0.0,0.0,0.0,0.0,0.0,0.0,0.0,0.0,0.0812555260831123,0.0,0.0,0.0292359877241156
STSvp_L,0.0,0.0,0.0,0.0,0.0,0.0,0.0,0.0,0.0,0.0,0.0,0.000352015287521,0.005494741360807,0.0233424159854677,0.0,0.0,0.0233240906866742
TGd_L,0.0,0.0,0.0,0.0,0.0,0.0,0.0020791101408597,0.0,0.2834884224193897,0.0,0.0,0.0,0.0,0.0007893438579181,0.0,0.0,0.1008643367155204
TE1a_L,0.0,0.0,0.0,0.0,0.0,0.0,0.0,0.0,0.0146760644974413,0.0,0.0,0.0,0.0059898993853501,0.0,0.0,0.0296156599786962,0.0695073397562532
TE1p_L,0.0008070617906683,0.0,0.0,0.0,0.0379525956085502,0.0,0.0,0.0,0.0,0.0,0.0,0.0667486993502148,0.0641677016295961,0.0030799384012319,0.0,0.0,0.0093424891691963
TE2a_L,0.0,0.0,0.0,0.0,0.0110949344846628,0.0,0.0,0.0,0.0909652876842605,0.0,0.0,0.0073498296175861,0.0141923508256313,0.0,0.0,6.908582186220833e-05,0.0326319275113639
TF_L,0.0022436733629011,0.0,0.0,0.0,0.0334485003254719,0.0,0.0,0.0,0.1558675647471776,0.0,0.0,0.0,0.0,0.0,0.0061001262095077,0.0,0.0
TE2p_L,0.0058294187560133,0.0,0.0,0.0,0.0733423545331529,0.0,0.0,0.0,0.0286939650770958,0.0,0.0,0.0337530646735378,0.0003276674175711,0.0,0.0,0.0,0.0
PHT_L,0.0030855694528624,0.0,0.0,0.0,0.0308098127143234,0.0236516639041183,0.0017925796636554,0.0,0.0,0.0,0.0,0.0477531358357962,0.0013657360915846,0.0286280729579698,0.0,0.0,0.0014571384281506
PH_L,0.040207522697795,0.0,0.0,0.0,0.0706618479961163,6.548788474132285e-05,0.0,0.0,0.0,0.0,0.0,0.0340302332755879,8.17026839331672e-05,0.0,0.0,0.0,0.0
VMV1_L,0.0163033950797639,0.0802831693181376,0.0,0.0,0.0043529214799933,0.0,0.0,0.0,0.0,0.0,0.0,0.0,0.0,0.0,0.0002682403433476,0.0,0.0
VMV3_L,0.0228814096469544,0.0051221947302166,0.0,0.0,0.0,0.0,0.0,0.0,0.0,0.0,0.0,0.0,0.0,0.0,0.0,0.0,0.0
PHA2_L,0.0029380508845408,0.0044298675299229,0.0,0.0,0.0067249895851931,0.0,0.0,0.0,0.0001116445238361,0.0,0.0,0.0,0.0,0.0,0.1001577287066246,0.0,0.0
V4t_L,0.0160081961964525,0.0,0.0,0.0,0.0015831455885039,0.0,0.0,0.0,0.0,0.0,0.0,0.0,0.0,0.0,0.0,0.0,0.0
FST_L,0.0117384013415315,0.0,0.0,0.0,0.0377358490566037,0.0077724006452559,0.0,0.0,0.0,0.0,0.0,0.0075112540192926,0.0,0.0,0.0,0.0,0.0
V3CD_L,0.0258561322231265,0.0,0.0,0.0,0.0007151796888968,0.0,0.0,0.0,0.0,0.0,0.0,0.0,0.0,0.0,0.0,0.0,0.0
LO3_L,0.0201789571120024,0.0,0.0,0.0,0.015754511786491,0.0,0.0,0.0,0.0,0.0,0.0,0.0,0.0,0.0,0.0,0.0,0.0
VMV2_L,0.0089212274596646,0.0397523058935608,0.0,0.0,0.0005418096442116,0.0,0.0,0.0,0.0,0.0,0.0,0.0,0.0,0.0,0.0,0.0,0.0
VVC_L,0.0753945367797409,0.0005400114752438,0.0,0.0,0.0197193017757432,0.0,0.0,0.0,0.0,0.0,0.0,0.0,0.0,0.0,0.0035046728971962,0.0,0.0
TGv_L,0.0,0.0,0.0,0.0,0.0,0.0,0.0,0.0,0.1945114305006269,0.0,0.0,0.0,0.0,0.0,0.0,0.0,0.000759347568569
MBelt_L,0.0,0.0,0.0,0.0217670036079553,0.0,0.0,0.0012561170282364,0.0,0.0,0.0,0.0,0.0,0.0,0.0035177790454459,0.0,0.0,0.0004972980141232
LBelt_L,0.0,0.0,0.0,0.0352779893373952,0.0,0.0,0.0,0.0,0.0,0.0,0.0,0.0,0.0,0.0012792757331234,0.0,0.0,0.0
A4_L,0.0,0.0,0.0,0.0661120960043638,0.0,0.0,0.0002902687404755,0.0,0.0,0.0,0.0,0.0,0.0,0.0159741764608508,0.0,0.0,0.0
STSva_L,0.0,0.0,0.0,0.0,0.0,0.0,0.0,0.0,0.0,0.0,0.0,0.0,0.000739677152678,0.0069171807814544,0.0,0.008169213952864,0.0246185281613551
TE1m_L,0.0,0.0,0.0,0.0,0.0014545062759252,0.0,0.0,0.0,0.0022872827081427,0.0,0.0,0.0,0.0709709015222625,0.0,0.0,7.248083787848587e-05,0.0208392179016414
PSL_L,0.0,0.0,0.0,0.0262093963474139,0.0,0.0,0.0094718926518832,0.0104282676926192,0.0,0.0,0.0,0.0,0.0006258605582676,0.0582092107515836,0.0,0.0059133327173611,0.0053947074408657
STV_L,0.0,0.0,0.0,0.0011010487489333,0.0,0.0,0.0,0.0,0.0,0.0,0.0,0.0,0.0,0.1656874265569917,0.0,0.0028215980505322,0.0006337336417503
TPOJ1_L,0.0,0.0,0.0,0.0,0.0007833920877399,0.0006163539241199,0.0,0.0,0.0,0.0,0.0,0.0,0.0,0.1367343397536005,0.0,0.0013382153411519,0.0106188444387411
TPOJ2_L,0.0071458099568889,0.0,0.0,0.0,0.0608264276453013,0.0460262612301313,0.0008507444013511,0.0,0.0,0.0,0.0,0.0,0.0,0.0078111286642092,0.0,0.0,0.0
TPOJ3_L,0.0002537910031089,0.0,0.0,0.0,0.0244461882054687,0.0,0.0,0.0,0.0,0.0,0.0,0.0,0.0,0.0,0.0,0.0,0.0
7Pm_L,0.0,0.0,0.0,0.0,0.0026839372192076,0.0,0.0,0.0,0.0,0.0,0.0937568455640744,0.0,0.0,0.0,0.0,0.000687823611456,0.0
7AL_L,0.0,0.0,0.0024406332453825,0.0,0.0069160278946458,0.0560289731572219,0.0,0.0,0.0,0.0,0.0,0.0,0.0,0.0,0.0,0.0,0.0
7Am_L,0.0,0.0,0.0003128911138923,0.0,0.0314787298442573,0.044088041873574,0.0050454333929314,0.0,0.0,0.0,0.0567294879116695,0.0,0.0,0.0,0.0,0.0,0.0
7PL_L,0.0,0.0002524721228697,0.0,0.0,0.031450994276273,0.0001462202076326,0.0,0.0,0.0,0.0,0.012621140410187,0.0,0.0,0.0,0.0,0.0,0.0
7PC_L,0.0,0.0,0.0076064908722109,0.0,0.0222073801970278,0.0321132126819975,0.0,0.0,0.0,0.0,0.0,0.0057567996097085,0.0110846195674906,0.0,0.0,0.0,0.0
LIPv_L,0.0,0.0,0.0,0.0,0.0230292294065544,0.0006585687106688,0.0,0.0,0.0,0.0,0.0,0.0046749377103079,0.0012240437158469,0.0,0.0,0.0,0.0
VIP_L,0.0,0.0,0.0,0.0,0.0354476515196049,0.0076408091980788,0.0,0.0,0.0,0.0,0.0,0.0017910600516848,0.0,0.0,0.0,0.0,0.0
MIP_L,0.0,0.0,0.0,0.0,0.0227069017030176,0.0,0.0,0.0,0.0,0.0,0.0003103903158221,0.0085645324543873,0.0,0.0,0.0,0.0,0.0
LIPd_L,0.0,0.0,0.0,0.0,0.0001225865767698,0.0,0.0,0.0,0.0,0.0,0.0,0.0130535141015096,4.493372275893058e-05,0.0,0.0,0.0,0.0
PFt_L,0.0,0.0,0.0,5.879413234559191e-05,0.0,0.0483591152233627,0.0042384927506267,0.0002655337227827,0.0,0.0,0.0,0.0076400030560012,0.0,0.0,0.0,0.0,0.0
AIP_L,0.0,0.0,0.0,0.0,0.0085415825012985,0.0141556409162042,0.0,0.0,0.0,0.0,0.0,0.0441646732972428,0.0004297932694374,0.0,0.0,0.0,0.0
PGp_L,0.0249198402430106,0.0,0.0,0.0,0.0672119679276758,0.0,0.0,0.0,0.0,0.0,0.0,0.0,0.0,0.0,0.0133004926108374,0.0,0.0
IP2_L,0.0,0.0,0.0,0.0,0.0,0.0015604101649576,0.0,0.0,0.0,0.0,0.0,0.0147994287939763,0.0061763797591211,0.0,0.0,0.0003494127923905,0.0
IP1_L,0.0001760460066897,0.0,0.0,0.0,0.0238695579088922,0.0,0.0,0.0,0.0,0.0,0.0,0.025910931174089,0.0003363181569764,0.0,0.0005417118093174,0.005171611943075,0.0
IP0_L,0.0172298325722983,0.0,0.0,0.0,0.0213568568278103,0.0,0.0,0.0,0.0,0.0,0.0,0.0,0.0,0.0,0.0,7.615711212230831e-05,0.0
PFop_L,0.0,0.0,0.0,0.0081853062384538,0.0,0.0181023720349563,0.0500740071749328,0.0,0.0,0.0,0.0,0.0,0.0,8.816787162757891e-05,0.0,0.0,0.0
PF_L,0.0,0.0,0.0,0.0040444412723336,0.0,0.0144602623024324,0.0752317540516816,0.0371310972939837,0.0,0.0,0.0,0.0167925047057081,0.0189272115633433,0.0076527156982256,0.0,0.0,0.0022957775130045
PFm_L,0.0,0.0,0.0,0.0,0.0004837695321948,0.0,0.0,0.0001785873738726,0.0,0.0,0.0,0.0106027627524082,0.0458832813498177,0.0022337009632835,0.0,0.0344427049138932,0.0213122957816961
PGi_L,0.0,0.0,0.0,0.0,0.0283362355548519,0.0,0.0,0.0,0.0,0.0,0.0,0.0,0.0,0.0298270664762811,0.0442978322337417,0.0279470364347872,0.0227899910080307
PGs_L,0.00128280506708,0.0,0.0,0.0,0.0118882910581603,0.0,0.0,0.0,0.0,0.0,0.0009757684176288,0.0124742010841214,0.0075820074641524,0.0,0.0412063632346442,0.0469075686185213,0.0
RSC_L,0.0,0.0067553479838205,0.0,0.0,0.0,0.0,0.0,0.0005856671281013,0.0,0.0,0.0391808974643306,0.0005616399887672,0.0,0.0,0.0279126213592233,0.0112706292768012,0.0
POS2_L,0.0,0.0261474859545599,0.0,0.0,0.0012490241998438,0.0,0.0,0.0,0.0,0.0,0.2010421919650361,0.0,0.0,0.0,0.0100548446069469,0.0084261209750225,0.0
PCV_L,0.0,0.0,0.0,0.0,0.0,0.005934925289764,0.0093271824346467,0.0,0.0,0.0,0.1401465853825604,0.0,0.0,0.0,0.0,0.0106680690419397,0.0
7m_L,0.0,0.0004736904432953,0.0,0.0,0.0,0.0,0.0,0.0,0.0,0.0,0.0118287519322535,0.0,0.0,0.0,0.0,0.0496608934476767,0.0
POS1_L,0.0,0.0715089476932012,0.0,0.0,0.0,0.0,0.0,0.0,0.0,0.0,0.003626791459491,0.0,0.0,0.0,0.1735912129894938,0.018084285688656,0.0
23d_L,0.0,0.0,0.002644103648863,0.0,0.0,0.0,0.0138019169329073,0.0043053659561062,0.0,0.0,0.0256136606189968,0.0,0.0,0.0,0.0,0.0236057610201332,0.0034945621999412
v23ab_L,0.0,0.0,0.0,0.0,0.0,0.0,0.0,0.0,0.0,0.0,0.0,0.0,0.0,0.0,0.035136815920398,0.0234518138512275,0.0
d23ab_L,0.0,0.0,0.0,0.0,0.0,0.0,0.0001041097316571,0.0,0.0,0.0,0.0020972211819339,0.0,0.0,0.0,0.0,0.0403884988941244,0.0
31pv_L,0.0,0.0,0.0,0.0,0.0,0.0,0.0,0.0,0.0,0.0,0.0092921960072595,0.0,0.0,0.0,0.0,0.0488372536675632,0.0
p24pr_L,0.0,0.0,0.0074369189907038,0.0,0.0,0.0,0.0559132062889532,0.0022130888397091,0.0,0.0,0.0014368848336805,0.0001011045673988,0.0,0.0,0.0,0.0001902478930045,0.0005564465974927
33pr_L,0.0,0.0,0.0,0.0,0.0,0.0,0.0079498466053087,0.0079008010534401,0.0,0.0,0.0,0.0031004493023989,0.0,0.0,0.0,0.0005092148299026,0.0
a24pr_L,0.0,0.0,0.0,0.0,0.0,0.0,0.0283217055268822,0.0273958000213196,0.0,0.0,0.0,0.0,0.0,0.0,0.0,0.0,0.0
p32pr_L,0.0,0.0,0.0,0.0,0.0,0.0,0.0402569370400228,0.0125601282736504,0.0,0.0,0.0,0.0,0.0,0.0,0.0,0.0,0.0
a24_L,0.0,0.0,0.0,0.0,0.0,0.0,0.0,0.0,0.0,0.0063326925251611,0.0,0.0,0.0,0.0,0.0,0.0672735804786485,0.0
d32_L,0.0,0.0,0.0,0.0,0.0,0.0,0.0,0.0260842562881689,0.0,0.0,0.0,0.0,0.0045039303165498,0.0,0.0,0.0309102176484948,0.0013918109726492
8BM_L,0.0,0.0,0.0,0.0,0.0,0.0,0.000880342870381,0.0474698566410329,0.0,0.0,0.0,0.0048012071606575,0.0502788876142252,0.0,0.0,0.0004934877244928,0.0103250712338
p32_L,0.0,0.0,0.0,0.0,0.0,0.0,0.0,0.0,0.0,0.0,0.0,0.0,0.0,0.0,0.0,0.0217918144981484,0.0
10r_L,0.0,0.0,0.0,0.0,0.0,0.0,0.0,0.0,0.0,0.009486585967442,0.0,0.0,0.0,0.0,0.0,0.0353302322077628,0.0003244751614263
9m_L,0.0,0.0,0.0,0.0,0.0,0.0,0.0,0.0,0.0,0.0,0.0,0.0,0.0012980751400066,0.0,0.0,0.0706739647628396,0.0661946799522186
10v_L,0.0,0.0,0.0,0.0,0.0,0.0,0.0,0.0,0.0,0.1530466069227437,0.0,0.0,0.0,0.0,0.0,0.0203653788559448,0.0040427551989219
ProS_L,0.0,0.0709424623633739,0.0,0.0,0.0,0.0,0.0,0.0,0.0,0.0,0.0,0.0,0.0,0.0,0.0132361689470553,0.0,0.0
DVT_L,6.061708189367764e-05,0.0387302365485966,0.0,0.0,0.0051436167138646,0.0,0.0,0.0,0.0,0.0,0.0135491692219924,0.0,0.0,0.0,0.0144736842105263,3.7974443199726586e-05,0.0
31pd_L,0.0,0.0,0.0,0.0,0.0,0.0,0.0,0.0,0.0,0.0,0.0049817077917023,0.0,0.0,0.0,0.0,0.0180225670505525,0.0
31a_L,0.0,0.0,0.0,0.0,0.0,0.0,0.0006782667675371,0.0020375335120643,0.0,0.0,0.0678579506898891,0.0,0.0,0.0,0.0,0.0123297435798639,0.0
25_L,0.0,0.0,0.0,0.0,0.0,0.0,0.0,0.0,0.0,0.0633350616200694,0.0,0.0,0.0,0.0,0.0,0.0003087670545552,0.0
s32_L,0.0,0.0,0.0,0.0,0.0,0.0,0.0,0.0,0.0,0.0358852637084121,0.0,0.0,0.0,0.0,0.0,0.0062399472898862,0.0
pOFC_L,0.0,0.0,0.0,0.0,0.0,0.0,0.0,0.0,0.0015271195365982,0.1028330809293392,0.0,0.0,0.0,0.0,0.0,0.0,6.414573911927901e-05
a32pr_L,0.0,0.0,0.0,0.0,0.0,0.0,0.0008323579139029,0.0556505933924943,0.0,0.0,0.0,0.0,0.0,0.0,0.0,0.003421826640266,0.0
p24_L,0.0,0.0,0.0,0.0,0.0,0.0,0.0,0.0299780265773778,0.0,0.0,0.0,0.0,0.0,0.0,0.0,0.04179047979559,0.0
4_L,0.0,0.0,0.1178612495208892,0.0729259638200143,0.0,0.0,0.0,0.0,0.0,0.0,0.0,0.0,0.0,0.0,0.0,0.0,0.0
3b_L,0.0,0.0,0.077991699331335,0.0290570598369718,0.0,0.0018438844499078,0.0,0.0,0.0,0.0,0.0,0.0,0.0,0.0,0.0,0.0,0.0
5m_L,0.0,0.0,0.049669749009247,0.0,0.0,0.0001422272791921,0.0050576004495644,0.0001049428061706,0.0,0.0,0.0052560551175509,0.0,0.0,0.0,0.0,0.0,0.0
5mv_L,0.0,0.0,0.0051248357424441,0.0,0.0,0.0091217649554518,0.0285430817370067,0.0043891733723482,0.0,0.0,0.0116581220591333,0.0,0.0,0.0,0.0,0.0,0.0
23c_L,0.0,0.0,0.016237901171676,0.0,0.0,0.0,0.0486630086649949,0.0060136581388237,0.0,0.0,0.0777273623988952,0.0,0.0,0.0,0.0,0.0010770459230097,0.0
5L_L,0.0,0.0,0.0246388028895768,0.0,0.0,0.0329959794814917,5.0154224239536575e-05,0.0,0.0,0.0,0.0,0.0,0.0,0.0,0.0,0.0,0.0
24dd_L,0.0,0.0,0.0966334164588528,0.0,0.0,0.0,0.010989279347481,0.0016033670708487,0.0,0.0,0.001763335222621,0.0,0.0,0.0,0.0,0.0,0.0
24dv_L,0.0,0.0,0.0188834154351395,0.0,0.0,0.0,0.0258260938033122,0.0,0.0,0.0,0.0,0.0,0.0,0.0,0.0,0.0,0.0
SCEF_L,0.0,0.0,0.0174108226158699,0.0,0.0,0.0032454887706088,0.0683605421038793,0.010342123321243,0.0,0.0,0.0,0.0,0.0,0.0030008110300081,0.0,0.0,0.0003752931978107
6ma_L,0.0,0.0,0.0092483506126295,0.0,0.0,0.0271732293370235,0.0340020083603839,0.0297693117641428,0.0,0.0,0.0,0.0191266274916465,0.0099573824033138,0.0,0.0,0.0,6.160101025656821e-05
1_L,0.0,0.0,0.0782320205479452,0.0105366980201592,0.0,0.0309483248154457,0.000475727105633,0.0,0.0,0.0,0.0,8.543540015805549e-05,0.0,0.0,0.0,0.0,0.0
2_L,0.0,0.0,0.0508116522125861,0.0009957927755234,0.0,0.1353636901241868,0.0033002564388449,0.0,0.0,0.0,0.0,0.0097756445540412,0.0,0.0,0.0,0.0,0.0
3a_L,0.0,0.0,0.0126283652511795,0.0106611745464457,0.0,0.0,0.0,0.0,0.0,0.0,0.0,0.0,0.0,0.0,0.0,0.0,0.0
6mp_L,0.0,0.0,0.096004842615012,0.0,0.0,0.0121098303328584,0.0019566202963563,0.0,0.0,0.0,0.0,0.0,0.0,0.0,0.0,0.0,0.0
43_L,0.0,0.0,0.0,0.0612343434917208,0.0,0.0,0.0250720822364297,0.0,0.0,0.0,0.0,0.0,0.0,0.0,0.0,0.0,0.0
OP4_L,0.0,0.0,0.0008501335924216,0.1147351127151283,0.0,0.0,0.0189451022604951,0.0,0.0,0.0,0.0,0.0,0.0,0.0,0.0,0.0,0.0
OP1_L,0.0,0.0,0.0119712689545091,0.0597694440391069,0.0,0.0,0.0064713284199173,0.0,0.0,0.0,0.0,0.0,0.0,0.0,0.0,0.0,0.0
OP2-3_L,0.0,0.0,0.0021645021645021,0.0626166286543645,0.0,0.0,0.0,0.0,0.0,0.0,0.0,0.0,0.0,0.0,0.0,0.0,0.0
FOP1_L,0.0,0.0,0.0,0.0127698749740147,0.0,0.0,0.0413570106130537,0.0,0.0,0.0,0.0,0.0,0.0,0.0,0.0,0.0,0.0
FEF_L,0.0,0.0,0.0048102266736953,0.0060790273556231,0.0120343179593481,0.0317775571002979,0.0071900257515106,0.0001571174190845,0.0,0.0,0.0,0.0065837416760899,0.0005577723430728,0.0,0.0,0.0,0.0
PEF_L,0.0,0.0,0.0,0.0041099562200315,0.0001776935378783,0.0158660202732481,0.0006796852534441,0.0001612036539494,0.0,0.0,0.0,0.0428052643778813,0.0,0.0,0.0,0.0,0.0
55b_L,0.0,0.0,0.0009615384615384,0.0135620037860593,0.0,0.0140476518385897,0.0041428535775786,0.0019469207910646,0.0,0.0,0.0,0.0217995718819968,0.0083435169187981,0.0048925388782107,0.0,0.0,0.0007397639188189
SFL_L,0.0,0.0,0.0,0.0,0.0,0.0,0.0058788385709164,0.0184749583455846,0.0,0.0,0.0,0.0023574341686508,0.0047930460213656,0.0060807523917626,0.0,7.21774120788899e-05,0.0459989368022764
6d_L,0.0,0.0,0.0439745508982036,0.0,5.487570652472151e-05,0.0405911461816236,0.0,0.0,0.0,0.0,0.0,0.0003372925048786,0.0,0.0,0.0,0.0,0.0
6v_L,0.0,0.0,0.0,0.016340141725719,0.0043124896334383,0.0441355108651639,0.0026561078183025,0.0,0.0,0.0,0.0,0.0087789499211834,4.161984434178216e-05,0.0,0.0,0.0,0.0
8Av_L,0.0,0.0,0.0,0.0,0.0,0.000561867898614,0.000185782959058,0.0002379366136861,0.0,0.0,0.0,0.0031167640655437,0.0544654536805803,0.0022407664966774,0.0,0.0066390041493775,0.0225243195139165
8Ad_L,0.0,0.0,0.0,0.0,0.0,0.0,0.0,0.0078069910345522,0.0,0.0,0.0,0.0,0.0062326006565006,0.0,0.0,0.0385528859431096,0.0003818372736818
8BL_L,0.0,0.0,0.0,0.0,0.0,0.0,0.0,0.0,0.0,0.0,0.0,0.0,0.0036024496657727,0.0,0.0,0.0187721516732861,0.0695668305352008
9p_L,0.0,0.0,0.0,0.0,0.0,0.0,0.0,0.0219674780325219,0.0,0.0,0.0,0.0,0.0004164064126587,0.0,0.0,0.0264153031672538,0.026613545816733
8C_L,0.0,0.0,0.0,0.0,0.0,0.0,0.0,0.0001017190519784,0.0,0.0,0.0,0.0438787227284942,0.0281465968586387,0.0,0.0,0.0,0.0008964302865375
44_L,0.0,0.0,0.0,0.0,0.0,6.506180871828237e-05,0.0106309110499221,0.0394284591967003,0.0,0.0,0.0,0.0190368218427454,0.0005289067903494,0.0,0.0,0.0,0.0276464510473089
45_L,0.0,0.0,0.0,0.0,0.0,0.0,0.0,0.0228846732911773,0.0,0.0,0.0,9.648086060927664e-05,0.0009528149467666,0.0067487767842078,0.0,0.0,0.0380012063875043
47l_L,0.0,0.0,0.0,0.0,0.0,0.0,0.0,0.0050271878526726,0.0,0.0,0.0,0.0,0.0,0.0003502013657853,0.0,0.0009702397611717,0.045739852576689
a47r_L,0.0,0.0,0.0,0.0,0.0,0.0,0.0,0.0005496015388843,0.0,0.0,0.0,0.0039757040309221,0.1010097132107344,0.0,0.0,0.0002059202059202,0.0343041877450833
6r_L,0.0,0.0,0.0,0.004388664400974,0.0007987645774535,0.012314635718891,0.051991913426091,0.0111674631815078,0.0,0.0,0.0,0.0569229686290152,0.0,0.0010455203474344,0.0,0.0,0.0
IFJa_L,0.0,0.0,0.0,0.0,0.0,0.0,0.0002114779666393,0.0,0.0,0.0,0.0,0.0364034059839075,0.0,0.0,0.0,0.0,0.0030696339795135
IFJp_L,0.0,0.0,0.0,0.0,0.0,0.0,0.0,0.0,0.0,0.0,0.0,0.0303294496842883,0.0,0.0,0.0,0.0,0.0
IFSp_L,0.0,0.0,0.0,0.0,0.0,0.0,0.0,5.275931201857128e-05,0.0,0.0,0.0,0.0415538403138048,0.0,0.0,0.0,0.0,0.0172634061650342
IFSa_L,0.0,0.0,0.0,0.0,0.0,0.0,0.0,0.0048543689320388,0.0,0.0,0.0,0.0349172156401072,0.0,0.0058632509471405,0.0,0.0,0.0112264488627119
p9-46v_L,0.0,0.0,0.0,0.0,0.0,0.0,0.0,0.0128243364151506,0.0,0.0,0.0003703932341502,0.0557799392968955,0.0113024536599399,0.0,0.0,7.293547034261436e-05,0.0050803067116847
46_L,0.0,0.0,0.0,0.0,0.0,0.0,0.0,0.0577095584570916,0.0,0.0,0.0016154085119602,0.0215146505666163,0.0041599736397709,0.0,0.0,0.0087688850728,0.0
a9-46v_L,0.0,0.0,0.0,0.0,0.0,0.0,0.0,0.0312342060042454,0.0,0.0,0.0,0.028849656378251,0.0294178924121838,0.0,0.0,0.0,0.0
9-46d_L,0.0,0.0,0.0,0.0,0.0,0.0,0.0,0.0798402209290857,0.0,0.0,0.0008475089291119,0.0,0.0015107590543464,0.0,0.0,0.0026829577796711,0.0
9a_L,0.0,0.0,0.0,0.0,0.0,0.0,0.0,0.039814007555943,0.0,0.0,0.0,0.0,0.0107003499738525,0.0,0.0,0.0088731462101289,0.0425835687016977
6a_L,0.0,0.0,0.0009893643334157,0.0,0.0019604639764744,0.094143368225785,0.0,0.0,0.0,0.0,0.0,0.0229257903175628,0.0017281817059622,0.0,0.0,0.0002555350721886,0.0
i6-8_L,0.0,0.0,0.0,0.0,5.7185337679419e-05,0.005275003516669,0.0001013659055776,0.0,0.0,0.0,0.0,0.0171849631572374,0.0206172365219618,0.0001795009872554,0.0,0.0004902422928254,0.0019488745249618
s6-8_L,0.0,0.0,0.0,0.0,0.0,0.0,0.0,0.0020905194940942,0.0,0.0,0.0,0.0063699059561128,0.0201738981453719,0.0,0.0,0.0130874704491725,0.0089230468622789
p47r_L,0.0,0.0,0.0,0.0,0.0,0.0,0.0,0.0144336366488861,0.0,0.0,0.0,0.0179167398559634,0.0135418898650096,0.0,0.0,0.0,0.0118911874898191
47m_L,0.0,0.0,0.0,0.0,0.0,0.0,0.0,0.0,5.5697894619583375e-05,0.0258389664413423,0.0,0.0008258703899656,0.0,0.0,0.0,0.0026668212650008,0.0182131838237733
10d_L,0.0,0.0,0.0,0.0,0.0,0.0,0.0,0.0,0.0,0.0278731704064281,0.0,0.0,0.0013449899125756,0.0,0.0,0.0955956220589012,0.0047182818101044
a10p_L,0.0,0.0,0.0,0.0,0.0,0.0,0.0,0.0,0.0,0.04452931067405,0.0,0.0,0.0532192513368983,0.0,0.0,0.0,0.0
10pp_L,0.0,0.0,0.0,0.0,0.0,0.0,0.0,0.0,0.0,0.2077948509209321,0.0,0.0,3.996323382488111e-05,0.0,0.0,0.0008181122948049,0.0
11l_L,0.0,0.0,0.0,0.0,0.0,0.0,0.0,0.0168707220669044,0.0,0.0954587265356181,0.0,0.0129933409127822,0.0490804920068912,0.0,0.0,0.0010338865220413,0.0017327268789257
13l_L,0.0,0.0,0.0,0.0,0.0,0.0,0.0,0.0014266788953429,0.0001052077853761,0.1321137461734223,0.0,0.0004405394160405,0.0,0.0,0.0,0.0,0.0039744863617423
OFC_L,0.0,0.0,0.0,0.0,0.0,0.0,0.0,0.0,0.0,0.1704669196502227,0.0,0.0,0.0,0.0,0.0,0.0,0.0
47s_L,0.0,0.0,0.0,0.0,0.0,0.0,0.0,0.0036280020439448,0.0116598079561042,0.030887744898337,0.0,0.0,0.0,0.0008697164724299,0.0,0.0,0.0378576245063096
p10p_L,0.0,0.0,0.0,0.0,0.0,0.0,0.0,0.0020310754544531,0.0,0.0071929245109912,0.0,0.0,0.0570125904546785,0.0,0.0,0.012704880081489,0.0
PoI2_L,0.0,0.0,0.0,0.0411610950612188,0.0,0.0,0.0693303429950513,0.0,0.0003096294767261,0.0,0.0,0.0,0.0,0.0,0.0,0.0,0.0
FOP4_L,0.0,0.0,0.0,0.0020329220430866,0.0,0.0,0.060609083879979,0.0257552483358934,0.0,0.0,0.0,0.0,0.0,0.0008727526618956,0.0,0.0,0.0013503520560717
MI_L,0.0,0.0,0.0,0.0009479994423532,0.0,0.0,0.0522927406822722,0.0308291991495393,0.0,0.0,0.0,0.0,0.0,0.0004280089025851,0.0,0.0,0.0012768538321575
Pir_L,0.0,0.0,0.0,0.0,0.0,0.0,0.0155558398362543,0.0,0.0137425312330255,0.0019295334388144,0.0,0.0,0.0,0.0,0.0,0.0,0.0
AVI_L,0.0,0.0,0.0,0.0,0.0,0.0,0.0009631713684637,0.0678813118167621,0.0,0.0,0.0,0.0,0.0,0.0,0.0,0.0,0.0048078484878017
AAIC_L,0.0,0.0,0.0,0.0008005260599822,0.0,0.0,0.0143242629813633,0.0453133091662351,0.0011233550871937,0.0148030663494581,0.0,0.0,0.0,0.0022245951236874,0.0,0.0,0.0059255901304925
FOP3_L,0.0,0.0,0.0,0.0007302601551802,0.0,0.0,0.0220026104792094,0.0,0.0,0.0,0.0,0.0,0.0,0.0,0.0,0.0,0.0
FOP2_L,0.0,0.0,0.0,0.029818378964489,0.0,0.0,0.0091348311640309,0.0,0.0,0.0,0.0,0.0,0.0,0.0,0.0,0.0,0.0
PoI1_L,0.0,0.0,0.0,0.0250512280296689,0.0,0.0,0.0387031150667514,0.0,0.0001079330814894,0.0,0.0,0.0,0.0,0.0,0.0,0.0,0.0
Ig_L,0.0,0.0,0.0,0.0435602094240837,0.0,0.0,0.0008398729692134,0.0,0.0,0.0,0.0,0.0,0.0,0.0,0.0,0.0,0.0
FOP5_L,0.0,0.0,0.0,0.0,0.0,0.0,0.0055731867791624,0.0559855794719541,0.0,0.0,0.0,0.0,0.0,0.0013901760889712,0.0,0.0,0.0046985378675866
PI_L,0.0,0.0,0.0,0.0,0.0,0.0,0.0136489882290702,0.0,0.0010129431626336,0.0,0.0,0.0,0.0,0.001842156292418,0.0,0.0,0.0102139590774057
V1_R,,,,,,,,,,,,,,,,,
V6_R,,,,,,,,,,,,,,,,,
V2_R,,,,,,,,,,,,,,,,,
V3_R,,,,,,,,,,,,,,,,,
V4_R,,,,,,,,,,,,,,,,,
V3A_R,,,,,,,,,,,,,,,,,
V7_R,,,,,,,,,,,,,,,,,
IPS1_R,,,,,,,,,,,,,,,,,
V3B_R,,,,,,,,,,,,,,,,,
V6A_R,,,,,,,,,,,,,,,,,
MST_R,,,,,,,,,,,,,,,,,
V8_R,,,,,,,,,,,,,,,,,
FFC_R,,,,,,,,,,,,,,,,,
LO1_R,,,,,,,,,,,,,,,,,
LO2_R,,,,,,,,,,,,,,,,,
PIT_R,,,,,,,,,,,,,,,,,
MT_R,,,,,,,,,,,,,,,,,
A1_R,,,,,,,,,,,,,,,,,
52_R,,,,,,,,,,,,,,,,,
RI_R,,,,,,,,,,,,,,,,,
PFcm_R,,,,,,,,,,,,,,,,,
TA2_R,,,,,,,,,,,,,,,,,
EC_R,,,,,,,,,,,,,,,,,
PreS_R,,,,,,,,,,,,,,,,,
H_R,,,,,,,,,,,,,,,,,
PeEc_R,,,,,,,,,,,,,,,,,
STGa_R,,,,,,,,,,,,,,,,,
PBelt_R,,,,,,,,,,,,,,,,,
A5_R,,,,,,,,,,,,,,,,,
PHA1_R,,,,,,,,,,,,,,,,,
PHA3_R,,,,,,,,,,,,,,,,,
STSda_R,,,,,,,,,,,,,,,,,
STSdp_R,,,,,,,,,,,,,,,,,
STSvp_R,,,,,,,,,,,,,,,,,
TGd_R,,,,,,,,,,,,,,,,,
TE1a_R,,,,,,,,,,,,,,,,,
TE1p_R,,,,,,,,,,,,,,,,,
TE2a_R,,,,,,,,,,,,,,,,,
TF_R,,,,,,,,,,,,,,,,,
TE2p_R,,,,,,,,,,,,,,,,,
PHT_R,,,,,,,,,,,,,,,,,
PH_R,,,,,,,,,,,,,,,,,
VMV1_R,,,,,,,,,,,,,,,,,
VMV3_R,,,,,,,,,,,,,,,,,
PHA2_R,,,,,,,,,,,,,,,,,
V4t_R,,,,,,,,,,,,,,,,,
FST_R,,,,,,,,,,,,,,,,,
V3CD_R,,,,,,,,,,,,,,,,,
LO3_R,,,,,,,,,,,,,,,,,
VMV2_R,,,,,,,,,,,,,,,,,
VVC_R,,,,,,,,,,,,,,,,,
TGv_R,,,,,,,,,,,,,,,,,
MBelt_R,,,,,,,,,,,,,,,,,
LBelt_R,,,,,,,,,,,,,,,,,
A4_R,,,,,,,,,,,,,,,,,
STSva_R,,,,,,,,,,,,,,,,,
TE1m_R,,,,,,,,,,,,,,,,,
PSL_R,,,,,,,,,,,,,,,,,
STV_R,,,,,,,,,,,,,,,,,
TPOJ1_R,,,,,,,,,,,,,,,,,
TPOJ2_R,,,,,,,,,,,,,,,,,
TPOJ3_R,,,,,,,,,,,,,,,,,
7Pm_R,,,,,,,,,,,,,,,,,
7AL_R,,,,,,,,,,,,,,,,,
7Am_R,,,,,,,,,,,,,,,,,
7PL_R,,,,,,,,,,,,,,,,,
7PC_R,,,,,,,,,,,,,,,,,
LIPv_R,,,,,,,,,,,,,,,,,
VIP_R,,,,,,,,,,,,,,,,,
MIP_R,,,,,,,,,,,,,,,,,
LIPd_R,,,,,,,,,,,,,,,,,
PFt_R,,,,,,,,,,,,,,,,,
AIP_R,,,,,,,,,,,,,,,,,
PGp_R,,,,,,,,,,,,,,,,,
IP2_R,,,,,,,,,,,,,,,,,
IP1_R,,,,,,,,,,,,,,,,,
IP0_R,,,,,,,,,,,,,,,,,
PFop_R,,,,,,,,,,,,,,,,,
PF_R,,,,,,,,,,,,,,,,,
PFm_R,,,,,,,,,,,,,,,,,
PGi_R,,,,,,,,,,,,,,,,,
PGs_R,,,,,,,,,,,,,,,,,
RSC_R,,,,,,,,,,,,,,,,,
POS2_R,,,,,,,,,,,,,,,,,
PCV_R,,,,,,,,,,,,,,,,,
7m_R,,,,,,,,,,,,,,,,,
POS1_R,,,,,,,,,,,,,,,,,
23d_R,,,,,,,,,,,,,,,,,
v23ab_R,,,,,,,,,,,,,,,,,
d23ab_R,,,,,,,,,,,,,,,,,
31pv_R,,,,,,,,,,,,,,,,,
p24pr_R,,,,,,,,,,,,,,,,,
33pr_R,,,,,,,,,,,,,,,,,
a24pr_R,,,,,,,,,,,,,,,,,
p32pr_R,,,,,,,,,,,,,,,,,
a24_R,,,,,,,,,,,,,,,,,
d32_R,,,,,,,,,,,,,,,,,
8BM_R,,,,,,,,,,,,,,,,,
p32_R,,,,,,,,,,,,,,,,,
10r_R,,,,,,,,,,,,,,,,,
9m_R,,,,,,,,,,,,,,,,,
10v_R,,,,,,,,,,,,,,,,,
ProS_R,,,,,,,,,,,,,,,,,
DVT_R,,,,,,,,,,,,,,,,,
31pd_R,,,,,,,,,,,,,,,,,
31a_R,,,,,,,,,,,,,,,,,
25_R,,,,,,,,,,,,,,,,,
s32_R,,,,,,,,,,,,,,,,,
pOFC_R,,,,,,,,,,,,,,,,,
a32pr_R,,,,,,,,,,,,,,,,,
p24_R,,,,,,,,,,,,,,,,,
4_R,,,,,,,,,,,,,,,,,
3b_R,,,,,,,,,,,,,,,,,
5m_R,,,,,,,,,,,,,,,,,
5mv_R,,,,,,,,,,,,,,,,,
23c_R,,,,,,,,,,,,,,,,,
5L_R,,,,,,,,,,,,,,,,,
24dd_R,,,,,,,,,,,,,,,,,
24dv_R,,,,,,,,,,,,,,,,,
SCEF_R,,,,,,,,,,,,,,,,,
6ma_R,,,,,,,,,,,,,,,,,
1_R,,,,,,,,,,,,,,,,,
2_R,,,,,,,,,,,,,,,,,
3a_R,,,,,,,,,,,,,,,,,
6mp_R,,,,,,,,,,,,,,,,,
43_R,,,,,,,,,,,,,,,,,
OP4_R,,,,,,,,,,,,,,,,,
OP1_R,,,,,,,,,,,,,,,,,
OP2-3_R,,,,,,,,,,,,,,,,,
FOP1_R,,,,,,,,,,,,,,,,,
FEF_R,,,,,,,,,,,,,,,,,
PEF_R,,,,,,,,,,,,,,,,,
55b_R,,,,,,,,,,,,,,,,,
SFL_R,,,,,,,,,,,,,,,,,
6d_R,,,,,,,,,,,,,,,,,
6v_R,,,,,,,,,,,,,,,,,
8Av_R,,,,,,,,,,,,,,,,,
8Ad_R,,,,,,,,,,,,,,,,,
8BL_R,,,,,,,,,,,,,,,,,
9p_R,,,,,,,,,,,,,,,,,
8C_R,,,,,,,,,,,,,,,,,
44_R,,,,,,,,,,,,,,,,,
45_R,,,,,,,,,,,,,,,,,
47l_R,,,,,,,,,,,,,,,,,
a47r_R,,,,,,,,,,,,,,,,,
6r_R,,,,,,,,,,,,,,,,,
IFJa_R,,,,,,,,,,,,,,,,,
IFJp_R,,,,,,,,,,,,,,,,,
IFSp_R,,,,,,,,,,,,,,,,,
IFSa_R,,,,,,,,,,,,,,,,,
p9-46v_R,,,,,,,,,,,,,,,,,
46_R,,,,,,,,,,,,,,,,,
a9-46v_R,,,,,,,,,,,,,,,,,
9-46d_R,,,,,,,,,,,,,,,,,
9a_R,,,,,,,,,,,,,,,,,
6a_R,,,,,,,,,,,,,,,,,
i6-8_R,,,,,,,,,,,,,,,,,
s6-8_R,,,,,,,,,,,,,,,,,
p47r_R,,,,,,,,,,,,,,,,,
47m_R,,,,,,,,,,,,,,,,,
10d_R,,,,,,,,,,,,,,,,,
a10p_R,,,,,,,,,,,,,,,,,
10pp_R,,,,,,,,,,,,,,,,,
11l_R,,,,,,,,,,,,,,,,,
13l_R,,,,,,,,,,,,,,,,,
OFC_R,,,,,,,,,,,,,,,,,
47s_R,,,,,,,,,,,,,,,,,
p10p_R,,,,,,,,,,,,,,,,,
PoI2_R,,,,,,,,,,,,,,,,,
FOP4_R,,,,,,,,,,,,,,,,,
MI_R,,,,,,,,,,,,,,,,,
Pir_R,,,,,,,,,,,,,,,,,
AVI_R,,,,,,,,,,,,,,,,,
AAIC_R,,,,,,,,,,,,,,,,,
FOP3_R,,,,,,,,,,,,,,,,,
FOP2_R,,,,,,,,,,,,,,,,,
PoI1_R,,,,,,,,,,,,,,,,,
Ig_R,,,,,,,,,,,,,,,,,
FOP5_R,,,,,,,,,,,,,,,,,
PI_R,,,,,,,,,,,,,,,,,
