label,response,ED,SC_W,SC_L,SPE,SPE_W,COM,SI,SI_L,NAV,DIF
L_V1,,86.13060726815777,0.0,inf,0.009180092858475281,0.004199399604062245,0.00014222874482539122,inf,18.968501100955187,0.005997894467673695,0.002778441243923508
L_V6,,66.90537688549261,0.0,inf,0.009450555418592506,0.005002050633824417,0.00019281228991584897,inf,14.131161663429808,0.008233636073839722,0.0019624507272573513
L_V2,,81.75996170440295,0.0,inf,0.00923576279457927,0.0041574234570835285,0.00010401196429577611,inf,18.8599024220557,0.006358428929123376,0.002462892864339041
L_V3,,81.10087166095036,0.0,inf,0.008173198714323149,0.00435450062366469,0.0001311079703422154,inf,14.547486450595917,0.007003876509414021,0.00276614972763527
L_V4,,82.4871257212807,0.0,inf,0.00843041518445917,0.004578788975730341,9.905158876510146e-05,inf,21.53023621009375,0.0073163609235420675,0.0028536555679363916
L_V3A,,77.95605761615464,0.0,inf,0.008594834415410707,0.0045892172683307565,0.00014375105785898197,inf,15.054118217153432,0.006895039675503208,0.002174527075715769
L_V7,,69.56783775311284,0.0,inf,0.009562347867314337,0.0047074887714588344,0.00011387397493854453,inf,21.666864052876235,0.008888727203259653,0.0013312407713209902
L_IPS1,,55.58744161595001,0.0,inf,0.01095508873731428,0.00601176946708339,0.0003047908943261886,inf,19.685415078125455,0.010632870677931897,0.0019061426080175128
L_V3B,,70.9644138833486,0.0,inf,0.009301960425367486,0.005028456071348372,0.00012224058659678598,inf,17.358924331102436,0.008846872597495874,0.0019761210330753007
L_V6A,,66.54370994262717,0.0,inf,0.009443495904168884,0.005330734476237259,0.00023610081336479622,inf,22.020208618555735,0.009006740786758874,0.0025750298274135174
L_MST,,60.889073756975826,0.0,inf,0.010891224451465701,0.005889105284865944,0.0003977055118154399,inf,15.165782940184442,0.010891224451465701,0.001599035850515327
L_V8,,84.62470029019318,0.0,inf,0.008508647073307136,0.004894796257769236,4.234905371490854e-05,inf,22.265109517757455,0.006045698467403348,0.0013478754130972896
L_FFC,,78.66853999951309,0.0,inf,0.008921079981295278,0.005621462763907365,0.00019319036202582968,inf,15.085306552268902,0.0066884174000516345,0.0027820809120773123
L_LO1,,78.38400876310786,0.0,inf,0.008759800548280086,0.004390888623833735,6.47303419076909e-05,inf,20.871656127272338,0.007868404834927992,0.0017719706166141643
L_LO2,,79.95905533651745,0.0,inf,0.008920176547697323,0.004338138896996452,8.105313919785113e-05,inf,21.025619003645616,0.007085898756137468,0.001956163743887701
L_PIT,,83.19467061461503,0.0,inf,0.00822309993763601,0.004760845449625399,7.179251620044471e-05,inf,18.688875689965805,0.006382278376369733,0.0019017699181028943
L_MT,,62.89642260038497,0.0,inf,0.01036452067694333,0.004920896098113454,0.0002585590947879897,inf,16.41711118826389,0.01036452067694333,0.0018110757901834247
L_A1,,41.78657182094073,0.0,inf,0.0131281387738791,0.00618757888209811,0.0009366806988210317,inf,17.13825200780435,0.010258756016797045,0.0016003596365568855
L_52,,53.0702647673769,0.00039237741300885207,67.39921999999997,0.01483696695599742,0.0051648445493046626,0.003654337139418897,10.236324282162395,10.236324282162395,0.01483696695599742,0.0011275717344559806
L_RI,0.236,34.95137794402649,0.0003999877774057596,61.52938000000001,0.016252398447700916,0.00855496876042294,0.0043698708910969485,10.208610362522668,10.208610362522668,0.016252398447700916,0.002177695323178765
L_PFcm,0.301,34.99146929588926,0.0007075761280000506,68.00676000000001,0.016296736187456792,0.009289371778254276,0.005639369376235309,9.385680902539931,13.12491191200578,0.014704420560544272,0.001890597868262914
L_TA2,0.0,66.80298618676427,0.0,inf,0.010719825566998378,0.005825384914214316,0.000321354565341451,inf,15.648536310271808,0.005697703264883739,0.0015756450716155896
L_EC,,83.92653647262334,0.0,inf,0.00929801649133397,0.006067836700298263,0.0002483602126295442,inf,15.466018261026367,0.009106621377126383,0.0015523207856146686
L_PreS,0.009,66.68140758797114,0.0004900148249928564,88.85248936170211,0.011548397602090721,0.005732239175168351,0.0015630947000905946,9.915740880726688,13.4873641150397,0.011254608702398694,0.002135677315834018
L_H,0.008,69.69638555767968,0.0,inf,0.00973809775608909,0.005167610320977437,7.660695413888318e-05,inf,19.327841633931452,0.009057893123035935,0.0005570972021497006
L_PeEc,0.034,87.026156288809,0.0,inf,0.009982133976608663,0.006634611235237686,0.00022194169230478405,inf,14.305093606167773,0.008294168804257342,0.00245834688704527
L_STGa,,83.25368859871145,0.0,inf,0.010118503869922992,0.006068435370006543,0.00026596565168170714,inf,13.721141754516065,0.004652842142094077,0.0020025575680017943
L_PBelt,0.038,46.37319395720648,0.0,inf,0.011701257534147193,0.006629712093693926,0.0012922187118190518,inf,14.328466618575945,0.009532850297453531,0.0021557220878727973
L_A5,0.052,60.45949416461078,0.0,inf,0.01027172619029277,0.00671480601906235,0.000777907458654963,inf,15.742492512062697,0.007606774776178259,0.0028040312058757095
L_PHA1,,71.80302365189361,0.0,inf,0.011174410523277167,0.005721629734140193,0.00017219379811584168,inf,14.721914552295736,0.009429936805459074,0.0018222223210937615
L_PHA3,,73.7958668778063,0.0,inf,0.009602150267122217,0.005556119216299062,0.00011131431741037385,inf,20.881930965935695,0.00856034004293393,0.0017958180122453966
L_STSda,0.015,70.7612720408946,0.0,inf,0.010282258271819725,0.006171654035968912,0.00047096056469483015,inf,16.0817590211781,0.007596400217864758,0.002322128720928165
L_STSdp,0.019,54.08200715682078,0.0,inf,0.010999137447641355,0.00672528705515452,0.000881703619046429,inf,16.583140371928934,0.00875859371318654,0.0018845893905184363
L_STSvp,,60.30946824604303,0.0,inf,0.010441912164723254,0.0065683525407886235,0.0011297760090069656,inf,17.299258469093086,0.008870057559577515,0.0022518799788822904
L_TGd,0.004,94.94216525394845,0.0,inf,0.010313205874484574,0.007502357943685715,0.0007444389117545924,inf,10.632608112434484,0.004682154296649123,0.0034688615691347625
L_TE1a,0.013,81.490383561881,0.0,inf,0.00933974886909651,0.006699714137164543,0.0005820702873027953,inf,13.797747663597663,0.008289468230613006,0.002745392955409902
L_TE1p,0.027,70.74160575876627,0.000490731837132536,93.32964000000001,0.010714709710655692,0.009026354522133084,0.00336276645400969,9.91363140621626,9.91363140621626,0.010714709710655692,0.0035545746866527087
L_TE2a,,83.71199346987915,0.0,inf,0.008422903897193404,0.007449244164127957,0.0008698277666401205,inf,19.446653452988148,0.008256428827024017,0.0031364872419804104
L_TF,0.016,82.53019308826588,0.0,inf,0.008485585959410048,0.006818486184486392,0.0001784319951308386,inf,21.17832581063025,0.006374791321206101,0.0026849692755610928
L_TE2p,,77.33821093802968,0.0,inf,0.009282601995026103,0.00588816581140081,0.0007451280683707933,inf,14.65821545912532,0.008809585392720745,0.0018977696999863878
L_PHT,,65.17182926821349,0.0006709013443036492,84.33453999999996,0.011857537848667941,0.009613549479193115,0.004088876718599221,9.462465643697888,9.462465643697888,0.011857537848667941,0.003144516809336883
L_PH,,71.97431266218517,0.0,inf,0.009994892609876354,0.00568566793309271,0.0010340239520774356,inf,13.377385755605479,0.009523187342236502,0.002905292542857562
L_VMV1,0.0,68.84715165308353,0.0,inf,0.010574739189919989,0.004269806803176531,4.9733500725517825e-05,inf,18.7950241254703,0.008580939977416647,0.0012389713087799482
L_VMV3,,74.35868167642235,0.0,inf,0.00915590603550001,0.004500777749794107,3.408922879808053e-05,inf,22.334117430014057,0.007480339326381121,0.0011769481881039121
L_PHA2,,67.36355875019748,0.0,inf,0.010970590042214831,0.005083648575394085,0.0001680465301889369,inf,16.912707286020495,0.009136374233850874,0.0013591774038752055
L_V4t,,74.2381756242132,0.0,inf,0.009312715867328387,0.0048213725969115705,0.00012999481608169487,inf,18.94422249582513,0.008951809130059744,0.002116142928141592
L_FST,,65.98552570329532,0.0,inf,0.010700970898652858,0.005900813175466438,0.0006588466317744488,inf,15.477038565636846,0.010700970898652858,0.002115058661966076
L_V3CD,,79.39089870375548,0.0,inf,0.009436726587023263,0.005199681334203455,0.00013069556355962668,inf,19.763547813789604,0.0074688735912492605,0.001979357647559766
L_LO3,,66.55401716614077,0.0,inf,0.00966967684622091,0.00501104450119902,0.00018333670496993067,inf,17.013880362572642,0.00966967684622091,0.002484556984454702
L_VMV2,,64.99613360069094,0.0,inf,0.010084419183802179,0.003996606503767952,4.7053194235341954e-05,inf,20.926124011776206,0.008496941274695656,0.0010145089477318968
L_VVC,,75.79125570406882,0.0,inf,0.00876263681762061,0.005629818158969129,8.012875620271109e-05,inf,21.45920214609541,0.0074061527852824615,0.0022475084596551642
L_TGv,,99.96422785728538,0.0,inf,0.0084567139712695,0.0066488208926544674,0.00016856176273698592,inf,14.052357669027135,0.007462859493871109,0.0019702725025467715
L_MBelt,0.064,50.81262407283116,0.0,inf,0.012604243394998334,0.006078235025042208,0.0008822411779829258,inf,17.273841222655506,0.011314608109496443,0.0015937197383771107
L_LBelt,,44.81318057659668,0.0,inf,0.013584678873134588,0.005203807440416634,0.0012233407634102856,inf,16.195404343464354,0.010801938040515479,0.0010428770626863392
L_A4,0.051,52.16457912243077,0.0,inf,0.010720236977270522,0.00730787977397451,0.0015950397454453733,inf,14.243967293855464,0.00796099367849336,0.003636678371051631
L_STSva,0.021,73.55759338678386,0.0,inf,0.009857441678446311,0.005949972674928345,0.00040656922027474285,inf,14.284358358050834,0.009857441678446311,0.0019473280470212152
L_TE1m,0.018,73.51671942622708,0.0,inf,0.009077097049961614,0.0072149972520832275,0.0009532125838958168,inf,17.708162496533955,0.00866532354151773,0.002403284700356951
L_PSL,0.023,41.66911036636074,0.0,inf,0.012649978140837771,0.01019320994529533,0.002190150176073244,inf,14.082065551368018,0.011934726593315839,0.002549115422461196
L_STV,,49.91875917054205,0.0,inf,0.011389669524182886,0.00781379424578552,0.0013825407252481476,inf,16.22790517216862,0.009566327153160605,0.002582995706645688
L_TPOJ1,,50.76275614013511,0.0,inf,0.0115586942476589,0.006716435796852906,0.0010557957513167005,inf,13.287712854588753,0.00959400474481099,0.0016909133798966708
L_TPOJ2,,56.59861651230047,0.0003712845896088599,74.48522448979594,0.013425481454204309,0.008549399875543246,0.002807712908102698,10.316040841652626,10.316040841652626,0.013425481454204309,0.0021837205175501326
L_TPOJ3,,58.75474032271269,0.0,inf,0.01152122482445073,0.006099101309000143,0.0007689224148111662,inf,14.537658292018145,0.010550390170653635,0.0017128855017273135
L_7Pm,,56.68062769177379,0.0,inf,0.014665035914672957,0.0063563979347365865,0.0008760531960582849,inf,16.206972161724128,0.011116506322179476,0.0022578875436191507
L_7AL,0.188,37.40287079900953,0.0028361955656587405,48.509360000000015,0.027242715706460828,0.014041366485154623,0.015720714807578345,7.382681168367412,9.094220875621676,0.02061457829994046,0.0029876080837089617
L_7Am,,50.69803016057496,0.0007395030512595414,69.73514,0.020847135874543603,0.009435000972245809,0.005216578818119606,9.322010178126058,11.466072208966565,0.014339972645068182,0.0034947904431457876
L_7PL,,57.18982011854628,0.0,inf,0.014973009652799863,0.007857290647960383,0.0011564104573045847,inf,15.31673562161653,0.0111913455981528,0.0029581509909840597
L_7PC,,26.301481705638825,0.001968600783450295,51.42492,0.02214727584077703,0.025958936364689388,0.013721686584966506,7.9094676094273675,8.056608170255043,0.019445825098026403,0.0029250005711471106
L_LIPv,0.042,34.64406107069859,0.0004346698388352719,62.158918367346956,0.016087796027758994,0.01186016944328159,0.004411353657440762,10.088646285769055,10.088646285769055,0.016087796027758994,0.002198222038937808
L_VIP,,46.250032953443586,0.0007164156803554077,68.94578000000001,0.017869153481018318,0.010135201036339261,0.004728951620260005,9.367769363889987,13.02849533893734,0.014504150942958363,0.002933471953456021
L_MIP,,46.74457642760808,0.0,inf,0.013393231435842805,0.00810310615531692,0.001317425500110721,inf,16.516293259281824,0.011527563225009876,0.002402682710908257
L_LIPd,,35.4346822488014,0.0003983132642819399,61.02669047619048,0.016386272829101708,0.008839951529331008,0.0037409912191110877,10.214662754281191,10.214662754281191,0.016386272829101708,0.0016758195799213723
L_PFt,0.349,23.72274162686895,0.004054093856246783,38.59434000000001,0.025910535068095472,0.02237487413461236,0.024563163163585974,6.867258694275698,6.867258694275698,0.025910535068095472,0.0022455344434680756
L_AIP,0.183,19.6280774714902,0.0020088085837707465,39.12192,0.02556111765475723,0.019390195789675456,0.013558593302532165,7.880298084805834,7.880298084805834,0.02556111765475723,0.0024002725944630267
L_PGp,,69.5629055423798,0.0,inf,0.010567321856293024,0.006110001689909915,0.0007113457684047781,inf,14.188789802458391,0.010183430052157494,0.0031451779585670797
L_IP2,,27.54135892942854,0.0008523595163620715,49.91007999999998,0.02003603280139003,0.01246063846841712,0.007198285400074468,9.11710420560452,9.11710420560452,0.02003603280139003,0.0018356146817905452
L_IP1,,49.992404918396936,0.0004988278291021372,66.56956250000002,0.015021880307535441,0.008167107066278077,0.003428233833163389,9.890024324242928,9.890024324242928,0.015021880307535441,0.0024382968638191147
L_IP0,,63.789119283798705,0.0,inf,0.011458063501905603,0.006575280885379557,0.00037730313082299274,inf,14.916960114726137,0.010907785148047005,0.0018630859291063383
L_PFop,0.331,37.25823012351821,0.005499938337338783,51.7827,0.022064534350067076,0.017119547861082017,0.024377700435403788,6.427222739345909,8.648814338447846,0.01931146888825805,0.0029100972113204173
L_PF,0.166,30.173782166270993,0.0024202709745412172,61.237880000000004,0.017699021067144775,0.014635122854990596,0.012825894285049313,7.611469601994195,9.858776712795958,0.016329761905539513,0.004131534508519891
L_PFm,0.052,35.37328921039232,0.0019503002762176357,62.14246000000002,0.016092056864179496,0.012984845865281947,0.009476000682591563,7.922941918958587,7.922941918958587,0.016092056864179496,0.004336142884875425
L_PGi,0.053,49.46150783881892,0.0,inf,0.012929445052703005,0.010045260413804496,0.002012454707918791,inf,13.281065642501892,0.010398994389228942,0.0026320931472134774
L_PGs,,56.03035817955459,0.0010037470761210987,74.84523999999999,0.013360903111540562,0.00913315400401861,0.004753508505159475,8.881242398041252,8.881242398041252,0.013360903111540562,0.003879983730181989
L_RSC,0.055,50.531879851251105,0.0023456425499069596,55.25122,0.018099147855920646,0.008712387661901064,0.008868218488872598,7.656655003991829,7.656655003991829,0.018099147855920646,0.004357201173707564
L_POS2,,60.553143667789406,0.0,inf,0.011959502255083744,0.006537077264256502,0.0007251809806956237,inf,17.889988695698058,0.009534833380336089,0.0035313395430634975
L_PCV,0.043,43.08318085911515,0.0,inf,0.017647372323908343,0.007647127965808808,0.0018184485977984018,inf,13.217716921123516,0.0052716585829296735,0.002633332713337517
L_7m,,55.02855546084777,0.0,inf,0.01226644685193908,0.005895711630445015,0.0007397821563954685,inf,18.46584025974868,0.005177607348648694,0.002371478664935547
L_POS1,,59.7311423704145,0.0,inf,0.012942490818597012,0.0065498287733516975,0.0004828642082124583,inf,12.275190195746866,0.012942490818597012,0.002805704755261577
L_23d,0.136,38.46440810333246,0.0018065622181517302,56.34119999999998,0.017749000731258836,0.007705347045285873,0.009149411182709413,8.0333912411094,8.0333912411094,0.017749000731258836,0.0024754823236602377
L_v23ab,0.029,58.142834134957155,0.0,inf,0.012722592894966219,0.005901317937170273,0.0008162441430347357,inf,13.493392305860674,0.012296731329555364,0.0018391078925851074
L_d23ab,,45.817095953145845,0.0,inf,0.01481216276717007,0.007057146317487716,0.001242361748249217,inf,12.00990501385412,0.013078367934771377,0.0025059312043571244
L_31pv,0.068,41.374211038163864,0.0,inf,0.01341375235570642,0.005814559862128233,0.0007701397303305182,inf,12.660824032071153,0.01341375235570642,0.001969825640650903
L_p24pr,0.211,42.986182180184855,0.0,inf,0.0148073080580482,0.007828584268737209,0.0025593320170907816,inf,11.95691108104399,0.012109322967752873,0.00253506205197824
L_33pr,,53.19069048819414,0.0,inf,0.01353036430235277,0.007595805478725611,0.0019860858415888076,inf,12.350852092635101,0.011629026608608364,0.002943127165239605
L_a24pr,0.058,57.89740436557095,0.0,inf,0.011530208569942824,0.006323359807470597,0.000756892170657718,inf,17.033236605710663,0.010836053543974655,0.00282241582896631
L_p32pr,,50.32847945510635,0.0,inf,0.01303882963465199,0.007008768867334232,0.0013507454964403036,inf,13.6156561883141,0.01184009244744183,0.0021225746279838376
L_a24,,91.22200683713383,0.0,inf,0.008416544907317008,0.005120380467565056,0.0001652027390598112,inf,17.373754707370868,0.006177287002364115,0.0027007909072617768
L_d32,,76.6994852275828,0.0,inf,0.009387358457409178,0.00543513689436665,0.0002715236158089528,inf,18.6162912655997,0.006941397224395185,0.001913432982452053
L_8BM,0.0,65.57213221665968,0.0,inf,0.010241733589567852,0.005552375444288292,0.0012059363928410265,inf,13.92298071511742,0.00864769132584674,0.003201772715876681
L_p32,,94.73368124443127,0.0,inf,0.007825035952127682,0.004635081771051286,7.041127765298947e-05,inf,21.40575750605202,0.0055550943609566006,0.0016870759220458
L_10r,,102.559669561644,0.0,inf,0.0075832477563824024,0.004837076025732638,3.449316007109824e-05,inf,18.714599184718505,0.0049019816260723395,0.001752236683368933
L_9m,,88.72585070778672,0.0,inf,0.008310711576422313,0.0061749908258768305,0.0004676394438942761,inf,18.818497999251747,0.0071048472251806025,0.0037414874648481027
L_10v,,109.90199305996084,0.0,inf,0.0075037810592971845,0.00555064793529178,6.206069153140092e-05,inf,21.692013924771434,0.005332774951890751,0.00276270313308302
L_ProS,,60.75483463134071,0.0,inf,0.01275134169617327,0.004770783468933044,0.00016427185242773795,inf,14.618048349089744,0.01275134169617327,0.001842461457618114
L_DVT,,58.21749718411445,0.0,inf,0.010846579899812312,0.006090432332731354,0.00037860891080098114,inf,19.729106251475336,0.009892809186581322,0.0026671587057904432
L_31pd,,43.68723635036772,0.0,inf,0.014081395373631693,0.0059499524518799515,0.0007381137972405666,inf,17.4165781087684,0.013067130619495023,0.0016670170486224403
L_31a,,37.49179768054994,0.0009729586166064195,56.57487500000001,0.0176756908433293,0.00667347832892793,0.004550292117669397,8.926187834803459,8.926187834803459,0.0176756908433293,0.002473576982762389
L_25,,86.4856425634334,0.0,inf,0.009367263076385558,0.005136023368513306,7.652309473711575e-05,inf,16.91848625516094,0.00504985101779723,0.0017417532862961608
L_s32,,94.65142778819809,0.0,inf,0.008425056522500628,0.00481349570076318,2.868315496838045e-05,inf,19.27641581127013,0.005372118597038996,0.0012629862095371138
L_pOFC,,83.19489004870458,0.0,inf,0.010162273211089316,0.005998597400287612,0.00010290288400904173,inf,14.178479161849598,0.007032920069819573,0.0020398214167419403
L_a32pr,,65.39360192540232,0.0,inf,0.010747053480347293,0.005351476922506008,0.0004343881886105716,inf,14.924969899081331,0.0071051202842095495,0.002044474052929896
L_p24,,78.66950235029127,0.0,inf,0.009647216720092954,0.005409078002945725,0.00031465774283913453,inf,16.955356212234786,0.007642208993298518,0.0028987520712128504
L_4,0.361,10.973638624972947,0.048030565726112834,29.735419999999998,0.03362992686836103,0.048030565726112834,0.11161731591709607,3.300757286982463,3.300757286982463,0.03362992686836103,0.005286710103862516
L_3b,,0.0,0.0,0.0,inf,inf,0.0,,,inf,0.0
L_5m,0.279,39.65013756480846,0.05840854154440332,17.37028,0.057569595884464725,0.058408541544403315,0.16549493791107084,3.018530727109786,3.018530727109786,0.057569595884464725,0.0023070272040269153
L_5mv,0.398,29.286739320264548,0.002829857741390798,32.1188,0.031134413489918678,0.014894996407871326,0.01754940821190219,7.3859086535177605,7.3859086535177605,0.031134413489918678,0.0020531684369759023
L_23c,0.321,29.79179842439439,0.001167203673830182,50.412920000000014,0.020533349650501853,0.009230847059949431,0.007498530377190854,8.663581853943317,8.246438052835295,0.01983618485102628,0.0027446120232829416
L_5L,0.152,41.5600699533002,0.01023697002000766,20.151079999999997,0.04962513175472481,0.028669039508144867,0.04744524716783867,5.530921324605646,5.530921324605646,0.04962513175472481,0.0022569267582335604
L_24dd,0.453,33.85088009710856,0.00337179636247992,44.622640000000004,0.02345253160697685,0.02006636683604547,0.02103228670812831,7.1331207750199175,6.8216503546752785,0.02241014874960334,0.00306607630052395
L_24dv,0.404,38.574082456805655,0.0004967868054593343,66.43348,0.01642638695376925,0.011706520188819985,0.005199387409750887,9.895939421732491,10.826628337119129,0.015052651163238775,0.0020435745513466296
L_SCEF,0.165,43.6985999374937,0.0015429608915452386,66.4306,0.0150533037485737,0.010315019956699239,0.008584087849405245,8.260936687979067,8.260936687979067,0.0150533037485737,0.0036956202898132708
L_6ma,0.086,36.52314753401553,0.0026203483927058307,63.67596,0.015704513917026142,0.013385969435050972,0.012758288883360211,7.496879542877552,7.496879542877552,0.015704513917026142,0.0036063453247433173
L_1,0.646,9.811037704890186,0.10992439332865758,18.869580000000006,0.05299535018797449,0.10992439332865757,0.22072567067132057,2.106270423140033,2.106270423140033,0.05299535018797449,0.005429498908627178
L_2,0.457,10.57248264952929,0.01993902400185343,22.56054,0.04432518015969476,0.05624591842912003,0.06951742398557526,4.569115295606294,4.569115295606294,0.04432518015969476,0.003853148950289877
L_3a,0.612,10.076523593794494,0.028622977761699815,18.724919999999994,0.05340476755040878,0.031586405198158085,0.09632740437376347,4.047536319234872,4.047536319234872,0.05340476755040878,0.002288548290050673
L_6mp,0.39,35.15044893787142,0.012514089688076813,44.72626,0.022358229818455644,0.02430953572414639,0.04201756665760764,5.2411567394484395,5.2411567394484395,0.022358229818455644,0.0035813379887106194
L_43,,51.512585402100626,0.0056381049661880555,44.146300000000004,0.022651954976974285,0.012489168745186317,0.02312532986497645,6.391427846053276,6.391427846053276,0.022651954976974285,0.0027499028963667606
L_OP4,0.328,44.469528164004345,0.0038259942004598957,50.06744,0.022742799856993276,0.01354870664785333,0.019964156228103474,6.950803496459978,9.10393830326833,0.01997306033621851,0.0025666590555442083
L_OP1,0.336,34.43530119332609,0.00100819243862213,62.310419999999986,0.018488922546945223,0.011296607455031941,0.008331734988051768,8.874867143890231,11.422245795536341,0.01604868014049657,0.0018215804727985834
L_OP2-3,0.43,35.153943877026066,0.0016076630268878963,51.36779999999999,0.02036561990095792,0.01013674181517662,0.009968415549752519,8.201673140177382,11.231327909822701,0.019467448479397603,0.002068768745367456
L_FOP1,,55.15533586871483,0.000500951616990489,66.14643999999998,0.017010505688313103,0.00851081730053056,0.005350916035870061,9.883895006671716,11.675436807859839,0.015117971579422872,0.0013588774419244056
L_FEF,0.388,15.948193138166282,0.00876862312048976,37.37536,0.026755595130053596,0.014482258790587175,0.03356382290292752,5.7542878597794225,5.7542878597794225,0.026755595130053596,0.002442620367856733
L_PEF,0.345,25.76851033258907,0.002692749750427453,37.35981999999999,0.02676672425081278,0.009525531796044774,0.014517720771061154,7.457558023462779,7.457558023462779,0.02676672425081278,0.0014283435760363292
L_55b,0.124,23.353537491523582,0.011327477979092825,39.83392,0.02510423277447964,0.014774657782975022,0.03687328528376513,5.3848834021662295,5.3848834021662295,0.02510423277447964,0.003357979895101721
L_SFL,,51.74779909476231,0.0007127896170182059,89.61134,0.012858005445622465,0.007228597889945609,0.004531088693822902,9.37508995643015,13.158616291829254,0.01115930193656294,0.0036792955830254716
L_6d,0.345,17.727159544736264,0.01852152810466285,38.590419999999995,0.02591316705026792,0.02607866184033054,0.05750196928635797,4.675506956412766,4.675506956412766,0.02591316705026792,0.0035580143042341483
L_6v,,38.652122358430596,0.011689360271151092,35.771039999999985,0.027955575236280533,0.016609716412779325,0.039481661867260105,5.339514111371078,5.339514111371078,0.027955575236280533,0.0032075394021460926
L_8Av,0.029,39.29213840211527,0.005478868780375607,57.677879999999995,0.017337669137631274,0.010709969081830776,0.016087065646905423,6.432760131948927,6.432760131948927,0.017337669137631274,0.004374313141369058
L_8Ad,0.04,54.4036251088594,0.0,inf,0.012347663784968894,0.008743168356958167,0.0018982552365726137,inf,12.261385757716997,0.008748258877776853,0.0025914358761667763
L_8BL,,66.95546320364696,0.0,inf,0.010282801726194493,0.0074113330898260485,0.0014259073650911172,inf,11.776928306424274,0.008215734676463547,0.0032406914637012805
L_9p,,74.04870294831046,0.0,inf,0.009801534606670298,0.007033492354834633,0.0009641891986001691,inf,12.969606045734857,0.008414758746342317,0.00266254109369618
L_8C,0.055,38.934965534788475,0.0026491235663960782,57.15473999999999,0.017496361631598713,0.008521444916079653,0.010453584719896599,7.481123044558641,7.481123044558641,0.017496361631598713,0.003437936410113204
L_44,0.041,54.186221932753654,0.0015953630187246835,78.86214000000001,0.01359361193716727,0.007183279578607902,0.00713770130347709,8.212753442213364,13.767659666134032,0.012680355871651465,0.0034301929596520023
L_45,0.056,71.18103480651682,0.0008093553924889659,100.99796000000002,0.011387456135579536,0.006319712569108394,0.0037113588159924434,9.191792940899,15.686132033930102,0.009901190083443267,0.003430224230680295
L_47l,,81.9505761586307,0.00045676017548890033,120.0232,0.008690962077334614,0.005678348443082168,0.0022025573340106117,10.017129409264845,20.546918594615008,0.008331722533643495,0.0027511046892311304
L_a47r,,95.9179402997471,0.0,inf,0.008770068762937016,0.005361555258638934,0.000594502424335321,inf,18.153319492117735,0.00688140788100119,0.003204320015392101
L_6r,0.215,47.69691007443938,0.0031017024552653914,54.62366,0.018307085244745593,0.010238013696045888,0.013217239217988749,7.253577887259243,7.253577887259243,0.018307085244745593,0.0037089116218808334
L_IFJa,,42.98514393989395,0.0005750652148165298,62.209540000000004,0.016325510958968153,0.006988574826494559,0.00506534937482475,9.684840705132528,12.706506579559207,0.01607470494075346,0.0016031309231932123
L_IFJp,,33.1222069814379,0.0006625236296247737,42.2884255319149,0.023647132458154634,0.006516004868098354,0.005713256418493045,9.480594367392616,9.480594367392616,0.023647132458154634,0.0012455539936114459
L_IFSp,0.089,57.05761508195033,0.0007259502948734273,78.81882,0.014062382451946681,0.00725036425744198,0.004901536058791544,9.3486955065143,12.827247461911224,0.012687325184518114,0.0021927595897662778
L_IFSa,,70.84367632132657,0.0006485444232726128,93.51935999999998,0.012221262705751263,0.006289960565182692,0.003373240811163461,9.511360880181387,14.541406274778048,0.010692973091347077,0.0028517060372432717
L_p9-46v,0.05,58.774664050773644,0.0009184168248488675,81.43112000000002,0.012797283203212915,0.0075949169465615585,0.004692261622312922,9.009417206589879,13.511923782455312,0.012280317401995696,0.002908568905329267
L_46,0.006,64.0600843054874,0.0005749795706993227,88.06629999999997,0.011355081342125197,0.007753854930268786,0.002884267144675458,9.68505558083991,9.68505558083991,0.011355081342125197,0.0033402083510783403
L_a9-46v,,85.44316859543252,0.00037583989106719203,107.52053061224488,0.009792926077764125,0.006616655188854761,0.0018742910198920417,10.298448077844409,16.339644195108235,0.009300549339793863,0.0028225959374091345
L_9-46d,0.021,75.93746100323587,0.0,inf,0.009881434642017364,0.007020164241242334,0.0011706382557328478,inf,13.703990171440351,0.008968741782390344,0.0031133052197508167
L_9a,,86.99311988836784,0.0,inf,0.008448017993602485,0.006239832213139815,0.0006392096121731797,inf,14.432294668467316,0.006931070817568236,0.0029437271579048846
L_6a,0.149,23.54461852633103,0.00356501570670305,46.86504,0.021337867203356703,0.01755360720038942,0.018271050066415565,7.0527297503800135,7.0527297503800135,0.021337867203356703,0.003078586831345835
L_i6-8,0.064,28.041393063614986,0.0024599998612044004,55.937279999999994,0.017877165282258987,0.012924142941592593,0.012300833599456122,7.587979949105276,7.587979949105276,0.017877165282258987,0.002460365935818263
L_s6-8,,51.34263194045065,0.0,inf,0.012914844166907314,0.007887838163894375,0.0018615224236936275,inf,13.901595049543214,0.008529046520831344,0.0016282700102771487
L_p47r,,83.87099133009107,0.0,inf,0.009932873587461501,0.005461366494340498,0.0011408383753544592,inf,16.454831106837446,0.007856992021221396,0.002295029938920473
L_47m,,86.79197719693714,0.0,inf,0.008871751381509125,0.0044714633114680095,0.00020596166569635834,inf,24.101930693463935,0.007342381104822769,0.0009495735723853209
L_10d,,103.36983391086432,0.0,inf,0.007395038520755655,0.005564715841516941,0.00027399457605661713,inf,20.43726057878455,0.006644318253623663,0.0036374490650653633
L_a10p,,103.35332619328362,0.0,inf,0.00861753557906272,0.00511670896913451,0.00023787641928626804,inf,18.390436442339126,0.007780092837021588,0.0022242880877459633
L_10pp,,112.1954371231557,0.0,inf,0.007349470886991618,0.005157617327528819,0.00010303545412055647,inf,22.36289138631399,0.006002301860714311,0.0023919256989010664
L_11l,,98.66052242233938,0.0,inf,0.008084989408663874,0.005411011983031743,0.0001767434184755302,inf,15.644376460968976,0.006735206825404715,0.0021736999355270134
L_13l,,90.26101588282461,0.0,inf,0.009307782106310137,0.005467243713857125,0.00014640008556485388,inf,15.127424155402604,0.0067040637218575136,0.001799405945903844
L_OFC,,97.4393620339284,0.0,inf,0.008769392854593468,0.006168129043515004,0.00010816949439360916,inf,13.93726599187628,0.005916368580296362,0.0031926041176061123
L_47s,,84.56949527379098,0.0,inf,0.00922261303557328,0.005194082036134288,0.0006324581288260411,inf,21.37147024914977,0.006926089345721429,0.0028100868576263656
L_p10p,,101.29390874082591,0.0,inf,0.008089290232732117,0.005431433313900081,0.0002930483193147149,inf,18.132424513568623,0.007462794019577615,0.002328578929397786
L_PoI2,0.087,55.694183073989066,0.01128050292229451,63.80932,0.015671691846896346,0.016429437968958314,0.034233885389539365,5.390878699076007,5.390878699076007,0.015671691846896346,0.0036739860495491185
L_FOP4,0.081,59.09934110176498,0.000981795899609678,76.75125999999999,0.013938607126140774,0.0064441682260689805,0.005475426797591395,8.913143136740258,15.506048967739126,0.013029102062949847,0.0026141116123399298
L_MI,0.031,60.48564425366684,0.0008536760320526515,79.28522000000001,0.014434021797682361,0.008447436985866209,0.005499503612443794,9.114877603659643,15.574733040782954,0.012612691243084145,0.0023871051051959848
L_Pir,,75.55001985704281,0.0,inf,0.01241707258076933,0.007302126235102943,0.0007625242412039922,inf,10.703637246924858,0.009040746100228965,0.0022770549319489353
L_AVI,0.028,73.661610715915,0.0,inf,0.010998508382293196,0.005103201808683146,0.0010419389976933549,inf,20.39241836807642,0.009908261389447384,0.0015241804598365724
L_AAIC,0.014,72.94746942190952,0.0,inf,0.011112432255834862,0.005121719566892644,0.0009931446459419408,inf,20.5812473222037,0.01000062403894003,0.00242352895588116
L_FOP3,0.115,47.070840649582735,0.0008790484449848166,66.57936000000001,0.015106725997829463,0.006939000316413885,0.005954164368743731,9.072623602649784,12.507368080926774,0.015019669759517061,0.0014377459240190228
L_FOP2,0.219,42.17598153670002,0.0008122033952877168,60.3324,0.020130874843532782,0.010220404097771505,0.007485356520670351,9.186725219925815,10.928498326285972,0.01657484204175534,0.0016790838582292152
L_PoI1,0.096,55.998536855198275,0.004468799548726001,64.06401999999999,0.01560938573633063,0.007514360883113692,0.015145406800254979,6.726750850229085,6.726750850229085,0.01560938573633063,0.002767610747992238
L_Ig,0.236,38.00627509063762,0.0023686817750291633,51.48931999999999,0.019716686981426496,0.009583595827208875,0.014267498479359188,7.642553793230894,10.489567016447038,0.019421503333118404,0.001278379728225036
L_FOP5,0.044,69.14833445384652,0.0,inf,0.010954288226034085,0.0059196222846659196,0.0010854064084977297,inf,18.338307106325058,0.008124683340466806,0.001323394812265638
L_PI,,70.9543118273575,0.0,inf,0.012200808718405093,0.00578561516092291,0.0005156336949813503,inf,12.178676666532102,0.01132745544118853,0.001978257490477518
R_V1,,92.44508450939095,0.0,inf,0.00797004665187107,0.003374737924079134,4.305558001621798e-05,inf,19.825541283443393,0.007331478361580006,0.002720444290901362
R_V6,,81.52197713664768,0.0,inf,0.008454958894819675,0.0038381615374145457,7.071465199073541e-05,inf,15.42832646635744,0.005179374432376881,0.0014973106924581633
R_V2,,90.0987642557825,0.0,inf,0.007982922931265436,0.0033528831190863155,3.114902016659048e-05,inf,20.04022127363069,0.0072478958685274755,0.002476198698435463
R_V3,,95.60862510469289,0.0,inf,0.007271139201965346,0.003478189595766599,3.583439076809297e-05,inf,15.91548538494505,0.007030904057548793,0.002622373742024177
R_V4,,108.34876519973574,0.0,inf,0.007573288224809122,0.0034856843638361177,1.7623933847825444e-05,inf,22.27407835663893,0.0044627134228289395,0.002770769515873418
R_V3A,,88.45172025006022,0.0,inf,0.007492347270626266,0.0037697160898805867,5.827268963950237e-05,inf,15.32160010815603,0.005184651553614773,0.0025908104452506573
R_V7,,92.97278730303333,0.0,inf,0.008179504627524068,0.003807580496402671,3.585539960121824e-05,inf,17.79735236288023,0.005803497989826573,0.001261300023778661
R_IPS1,,81.7808153575821,0.0,inf,0.008632563895648185,0.004733205685354617,8.583119273118768e-05,inf,16.742089156826804,0.0061789550993491486,0.0020460261297513636
R_V3B,,93.61851741227167,0.0,inf,0.008289660695138203,0.003940451091320623,4.129330874664623e-05,inf,17.29042343554719,0.004782982149512036,0.00218079065386209
R_V6A,,87.0013122074895,0.0,inf,0.007721208868009451,0.004114236962522005,8.542062108284437e-05,inf,15.126074323072626,0.0053262867742928715,0.002584308229772009
R_MST,,105.11886017453823,0.0,inf,0.00675607262832124,0.0032933543264014576,2.9258508099088184e-05,inf,27.909667289040694,0.005512331024585357,0.0014346686249745795
R_V8,,107.39510070469842,0.0,inf,0.007650584789779323,0.003279147546726453,4.002470811528581e-06,inf,22.376244290188286,0.006335931409161654,0.001651665614427633
R_FFC,,111.4296459869136,0.0,inf,0.0072324070355698445,0.0034744080249986087,7.792432255494176e-06,inf,23.850607559259657,0.005833951051517172,0.002308908740390226
R_LO1,,111.10057419483664,0.0,inf,0.007007425293445847,0.0032528420922893434,7.297142416406284e-06,inf,24.990026584611616,0.00456466266481031,0.0017845249615263228
R_LO2,,117.91155831848174,0.0,inf,0.0070112189318616265,0.0031884457891872284,9.461908558862905e-06,inf,18.70825480574288,0.0048398548014768625,0.001856793079493833
R_PIT,,119.9024564607162,0.0,inf,0.007049208284913348,0.003298460175724747,1.039621758839344e-05,inf,23.659227654919018,0.004785577352766551,0.0022999289007890897
R_MT,,110.40931736374024,0.0,inf,0.006784016191081934,0.0033476367198927493,1.5090340554855657e-05,inf,25.906715056718028,0.005328617188315518,0.0019106433141287788
R_A1,,93.25169273546418,0.0,inf,0.008321599877506051,0.003556760284686049,0.00010936196467159404,inf,17.806555924009235,0.006378804672020697,0.0013311536740295133
R_52,,92.38533385035703,0.0,inf,0.0080735102799199,0.003584881329910443,0.00018578002244663014,inf,17.077181740352728,0.006242085682804581,0.0008484889931458594
R_RI,,89.43041020394526,0.0,inf,0.008887098829693503,0.004683536692680358,0.00028611383126987856,inf,17.715356225748387,0.007191520104685521,0.0018251176037590367
R_PFcm,,92.20446118897549,0.0,inf,0.008919478338957659,0.004901949452603431,0.00037789116767627477,inf,17.453160831050635,0.0076100500756515095,0.0012924355153167478
R_TA2,,111.30489529657919,0.0,inf,0.0068286476518875615,0.003605828840664296,3.1817032224297446e-05,inf,21.09472719258498,0.004040836369079003,0.0014596463148674815
R_EC,,99.28840876130299,0.0,inf,0.008327598393906063,0.00423610885037342,2.830473924765061e-05,inf,16.28762268803398,0.006404904196018906,0.0014554259456255507
R_PreS,,86.02553751836169,0.0,inf,0.009994283269969576,0.004508816353666428,0.0001449183434827048,inf,13.938574677969319,0.009994283269969576,0.0019339375403922897
R_H,,97.79733140453038,0.0,inf,0.00975080984741762,0.0038241651747692104,2.9230897770201713e-05,inf,16.70193120179641,0.00975080984741762,0.000735869028023308
R_PeEc,,110.25593711327812,0.0,inf,0.007807604388061048,0.004037732299835321,2.0145022666494374e-05,inf,17.82138051638452,0.005754601454741273,0.0021318292663283145
R_STGa,,121.39881416618609,0.0,inf,0.0068213575864731705,0.0035416039244063357,1.6077672106325895e-05,inf,27.278711765269335,0.003232889309841866,0.0016699075210459746
R_PBelt,,106.25415756575035,0.0,inf,0.007869155460202375,0.003746682181595123,0.0002594834574328243,inf,15.959932606549758,0.005993488727665348,0.0020377671858719413
R_A5,,115.32699759604876,0.0,inf,0.006662568742718645,0.0037656839383298072,0.00010146729320792843,inf,16.21545962762756,0.0053051273153631355,0.0026133824286428925
R_PHA1,,91.50229497525223,0.0,inf,0.009717649798057518,0.004366988641552962,5.3097206127053255e-05,inf,14.974777171822103,0.00581948738812916,0.0019281533515455404
R_PHA3,,100.9252495143976,0.0,inf,0.008391024423251327,0.0036522097399018624,1.846729813225395e-05,inf,21.521457166735185,0.008341842012185763,0.0014847795313936147
R_STSda,,115.98321819476558,0.0,inf,0.006606464160922897,0.0034747369965556166,5.4809630685162e-05,inf,22.19416908195808,0.004793774918940862,0.0021078247084326514
R_STSdp,,103.48932866823472,0.0,inf,0.007436002416998226,0.0037284030968386616,8.045903832220218e-05,inf,17.30193443024841,0.005777675840186025,0.0019884675855577185
R_STSvp,,114.46126068872982,0.0,inf,0.00717664375642758,0.003806306624988965,6.564610228213136e-05,inf,17.17428639865658,0.005235799554205648,0.001926205454278893
R_TGd,,121.79300315925951,0.0,inf,0.007686574443957848,0.004061935912707878,2.393564079715243e-05,inf,22.775797890192884,0.003320758852981808,0.0032336290571356578
R_TE1a,,128.1938961350431,0.0,inf,0.0063812518141034775,0.0038131822934718224,3.776089214961823e-05,inf,26.312302369735125,0.00415635699631884,0.002554939740174126
R_TE1p,,121.86173129696675,0.0,inf,0.006831600634464413,0.0044027450611917995,0.00012210929309071025,inf,16.03409012737513,0.0051291288974711765,0.0032368116590700885
R_TE2a,,125.93935460790968,0.0,inf,0.006483647980447391,0.003970002858762898,3.4102825232889944e-05,inf,22.603971339267122,0.003932992350762508,0.0028569179620397543
R_TF,,114.78651318164339,0.0,inf,0.007316264098989639,0.003772166104085663,9.910360220422662e-06,inf,20.676373785526096,0.004069786087159515,0.0025144285146768432
R_TE2p,,115.93952964380702,0.0,inf,0.006792934882258739,0.0037402719830024983,1.7765523190150156e-05,inf,24.684353935818653,0.004662880283532964,0.0018584121931739515
R_PHT,,119.19309352056119,0.0,inf,0.007060796565176659,0.004706808639921068,0.00015143101926443322,inf,17.227832476843847,0.005243501387902383,0.003008499368081199
R_PH,,114.85646873504871,0.0,inf,0.006993874624726171,0.003725563640302143,5.6321358777624206e-05,inf,17.583969654929483,0.0047193875745132315,0.0028640545323655505
R_VMV1,,88.58356378347258,0.0,inf,0.00908706608805076,0.003253883076681362,7.199197351136598e-06,inf,19.87272601790413,0.007490555782426919,0.00112716056112583
R_VMV3,,98.75722703176314,0.0,inf,0.008327725997828129,0.003061163694308288,3.9845280271610776e-06,inf,22.764100677497236,0.007344160464618354,0.0011738303565188835
R_PHA2,,96.35357942438077,0.0,inf,0.009150063419089556,0.003912220578375853,2.279923052798197e-05,inf,17.191753281995098,0.009150063419089556,0.0012371877808659698
R_V4t,,114.93157547928791,0.0,inf,0.0066735812912456696,0.0033153715315270677,8.58473443192795e-06,inf,23.044925496382533,0.004925649779404775,0.0017738768876000071
R_FST,,111.70497143779953,0.0,inf,0.007124801313040717,0.003715007700742625,5.0054016630934753e-05,inf,18.493485257016886,0.00551161937550266,0.002063926165233534
R_V3CD,,106.69131011652806,0.0,inf,0.007515729425035521,0.0035881484469816624,1.9389838857538245e-05,inf,18.58653183660386,0.00461656008197567,0.0018992721757734332
R_LO3,,107.87875052163632,0.0,inf,0.006937027134360016,0.0035473725894346283,2.311107070233336e-05,inf,25.41758309737919,0.005041118917589277,0.0024757239935940304
R_VMV2,,93.98843762342969,0.0,inf,0.008813731652895503,0.003471969231194553,1.200677159817175e-05,inf,21.592282124092275,0.008426296291122617,0.0008993394998425011
R_VVC,,101.27967065727893,0.0,inf,0.007660381650782041,0.003474297448194241,5.614963516343024e-06,inf,21.805470637294555,0.0073327835701064705,0.0021894070909011525
R_TGv,,123.91846216586714,0.0,inf,0.0066364212138535356,0.0037729635843882755,8.296989717935699e-06,inf,26.338915412949227,0.0048498618487859725,0.0018973684003506187
R_MBelt,,99.09824683514915,0.0,inf,0.007848004864507336,0.003584978149726036,9.94367600433247e-05,inf,17.491533712193778,0.006106085991127615,0.0013473553567134849
R_LBelt,,97.56354687526645,0.0,inf,0.008393441566202767,0.003290059419054885,0.00010720359920159792,inf,17.928430530181416,0.006380583106620583,0.0009277114146337801
R_A4,,114.63145185789855,0.0,inf,0.007102349400362843,0.003920392529484879,0.00032179300416956006,inf,14.797287052688098,0.005532477934112583,0.0032975936300488383
R_STSva,,119.87882087126951,0.0,inf,0.006405330704101654,0.0035907896354598337,3.774848822875202e-05,inf,29.184054718363566,0.0046829364053021525,0.001974188758577198
R_TE1m,,125.21248430388084,0.0,inf,0.006385903195327154,0.004069350171292672,5.7919332112015256e-05,inf,16.807678617913737,0.0041744086292707285,0.0022852348723930334
R_PSL,,107.53770905301462,0.0,inf,0.008149115780192269,0.005125546203805574,0.00046030676259175744,inf,15.505121147220773,0.007147491780741827,0.002223779510840553
R_STV,,106.45276508219744,0.0,inf,0.007730103139674151,0.0043215997653196945,0.00030411232179144076,inf,15.256703911231774,0.006034250648048349,0.0027778865689958637
R_TPOJ1,,104.00150255302405,0.0,inf,0.007679677576416629,0.004115866815295698,7.82920682310836e-05,inf,17.779174144581045,0.005962342796869818,0.0017269320786778666
R_TPOJ2,,109.45113861016236,0.0,inf,0.007155847049780222,0.0047216980695025295,0.00011613474697088373,inf,18.792402683020537,0.006122112888088389,0.00237787208281457
R_TPOJ3,,98.6127554638588,0.0,inf,0.007049205434943379,0.0038478254586947216,5.803189552196011e-05,inf,25.62220538114064,0.005608914247413416,0.00152804543171765
R_7Pm,,62.84279658263529,0.0,inf,0.008884013342366597,0.005053032845466071,0.0006895239428706095,inf,14.121748807734038,0.007146795026916972,0.0023668408387183364
R_7AL,,71.67893512129282,0.001055642305884882,120.76160000000003,0.008441028191514774,0.007019966847338229,0.004526390951460778,8.808517108939105,18.95732552681582,0.008280777995654246,0.0028872401080812255
R_7Am,,62.44626620353347,0.0009515969350324772,120.36660000000003,0.008683376145272186,0.006288295517046753,0.0039052359300400584,8.95821565311775,14.07385166910987,0.008307952538328736,0.0036078580408131656
R_7PL,,72.60242533400151,0.0,inf,0.008402125737811666,0.005450698084975755,0.000411792143407736,inf,14.96847253827174,0.007207518883699473,0.002908508051182314
R_7PC,,79.88880106593798,0.0,inf,0.008143508158166472,0.007800408020001935,0.0008977325693184797,inf,17.163644526359437,0.007100386687058976,0.002852521547938413
R_LIPv,,75.5774220379336,0.0,inf,0.00860102143132659,0.006298681174119213,0.00031309415385014354,inf,18.309880499477057,0.00690370777433436,0.001711257093701389
R_VIP,,73.76552267967061,0.0,inf,0.00821607623204171,0.005833089707417059,0.0005641440551219459,inf,16.585412469162826,0.007218132989480725,0.0021818986779750275
R_MIP,,80.24079762068624,0.0,inf,0.008549438538131712,0.004938540088022477,0.00024586266370991717,inf,16.56361767490149,0.006512549356983438,0.0025400393744257847
R_LIPd,,77.16257567679786,0.0,inf,0.00843599090667668,0.005640427837927556,0.00025059916471272784,inf,24.298985910054583,0.006494358350900574,0.0012090878113195837
R_PFt,,94.47622857364227,0.000649771123123484,112.55458333333335,0.008884578223158392,0.007795632049608112,0.003059613102913154,9.508634648760903,9.508634648760903,0.008884578223158392,0.001987546226892609
R_AIP,,78.97938162678459,0.0,inf,0.008278305056474523,0.0070656158259362264,0.000835563522077923,inf,18.37580741508708,0.007297726364160341,0.0023385824953289537
R_PGp,,103.3349312777195,0.0,inf,0.007757421098106397,0.0040850926712519275,0.00010616747188689843,inf,16.898746859358823,0.005227097524467521,0.0032935574847927983
R_IP2,,83.78018909669235,0.0,inf,0.008189853295916968,0.0059537924096560715,0.0004992612971778422,inf,18.76204002814588,0.007015656278865041,0.0019326442681916692
R_IP1,,87.23175533686177,0.0,inf,0.00837034574953296,0.004859888694537606,0.00030731928056520954,inf,16.7664221066434,0.006452346389312128,0.002541462788614934
R_IP0,,94.81555215730319,0.0,inf,0.00861586858860601,0.00430618283244152,6.752699038248311e-05,inf,18.375691565502997,0.005447687558775442,0.001592244835030245
R_PFop,,105.58121885936843,0.0009130323162489752,116.83613999999997,0.008558995529978996,0.006950317395129328,0.0035021640271012512,9.017900353691957,9.017900353691957,0.008558995529978996,0.00252874167100641
R_PF,,100.99276390238367,0.0012921283970061034,120.97300000000001,0.008266307357840178,0.006771484786591507,0.004135390365568355,8.516888747511937,8.516888747511937,0.008266307357840178,0.003254513732952845
R_PFm,,95.72338930900739,0.00045557303201801343,124.46199999999999,0.008178924775648003,0.005740169465374348,0.0015542757783685037,10.020883929983373,14.955539595568041,0.008034580835917791,0.004050660681074978
R_PGi,,101.34580733354186,0.0,inf,0.007813700135505188,0.005020690685432897,0.000137673934051566,inf,17.51909885647568,0.006851629605288582,0.002872546193656985
R_PGs,,95.98142912138869,0.0,inf,0.007849357639968175,0.005103774001670073,0.0003261031842850007,inf,16.086671931922112,0.006625585387032908,0.003701746236928027
R_RSC,,55.037110720495605,0.0018329936647431364,69.01648000000002,0.014489292992050592,0.006652699777897445,0.006462137188174769,8.01243638367821,8.01243638367821,0.014489292992050592,0.004193056473389293
R_POS2,,69.62970047604502,0.0,inf,0.009158326026515552,0.005213947303013772,0.0004231706378255054,inf,12.735670639884654,0.007229567543174616,0.0035146547329622632
R_PCV,,53.49985726097005,0.0007468023490879064,107.53818000000001,0.009991157825324587,0.005753702844565763,0.0033083508565142456,9.307839812549592,13.480702373435165,0.009299022914466284,0.002722801481966169
R_7m,,60.50215908992215,0.0,inf,0.009750608681746955,0.0050376232419839,0.0005945522059090223,inf,12.952087536546918,0.007644544577785687,0.0026354665918183473
R_POS1,,70.71333018836371,0.0,inf,0.01105633556774504,0.005278019722324398,0.0002865530313187047,inf,12.652327373416174,0.01105633556774504,0.002848574826594488
R_23d,,44.576391749966064,0.0004216509643742786,83.20966666666668,0.012770436803669133,0.005908703221522305,0.0029922076083452403,10.132517024071907,16.532578500506773,0.012017834466348059,0.00246838793500857
R_v23ab,,61.62646347959424,0.0,inf,0.010729553775463705,0.005030363509716765,0.00036560222278986026,inf,12.960638457932497,0.010077345104429244,0.0016797172514775355
R_d23ab,,50.38524954941249,0.0,inf,0.011163427895754122,0.0055777145830069085,0.000741447111299913,inf,12.21787091002441,0.009145785466578649,0.002374283691523069
R_31pv,,56.07935254924331,0.0,inf,0.010981197370846766,0.004804617346044899,0.0005436323849996441,inf,17.019535169350988,0.009182626837328848,0.00202371686173448
R_p24pr,,49.229506683380585,0.0,inf,0.011277761337307918,0.0059490860145142085,0.0013933532366333288,inf,17.27791192763029,0.008797526510906263,0.0026907650421053707
R_33pr,,58.786665126117995,0.0,inf,0.011474177020390301,0.006160308810020173,0.001418242145233535,inf,13.664875499629044,0.010121375535420765,0.002644898571473674
R_a24pr,,64.11265374643145,0.0,inf,0.009413575656342736,0.005081132230949703,0.00042146494915443466,inf,18.519076018431853,0.008483337114073907,0.003047630297336916
R_p32pr,,61.208516523563546,0.0,inf,0.009483437176970422,0.005575967812312273,0.0007440267229677358,inf,18.529736246949614,0.007896901335892924,0.001924754066333784
R_a24,,91.91877608784708,0.0,inf,0.00842370819819921,0.0042916375065655795,7.951332935193401e-05,inf,20.51401803628411,0.0054701895878401935,0.0025252232393221338
R_d32,,80.88802572463527,0.0,inf,0.00826944469472914,0.004279761359858213,0.00019055347535602905,inf,21.873725533018916,0.006049223255537097,0.0019294078342598957
R_8BM,,69.76204395099559,0.0,inf,0.00839237227354904,0.00485281521781169,0.000659503127179691,inf,18.91922483412159,0.00552058266437673,0.0033825736384257787
R_p32,,101.56651328808039,0.0,inf,0.007682303904503431,0.0038840096482824172,3.165924793201935e-05,inf,23.53851423140537,0.005266492676365845,0.0015676937270563127
R_10r,,104.14950587734629,0.0,inf,0.0071675840706393115,0.0042306431464058155,2.556774074278724e-05,inf,23.997128153349518,0.005006179863407343,0.0021117118033054127
R_9m,,96.06488331240392,0.0,inf,0.00752813844060898,0.004751671252283306,0.00024430356181541274,inf,21.29657501435622,0.005561307183028849,0.0038334283443421965
R_10v,,110.53283963266769,0.0,inf,0.006938078556614161,0.004783069839005958,2.51096910176838e-05,inf,23.62862937463446,0.004768023939107765,0.0028420494990464714
R_ProS,,81.8508682390393,0.0,inf,0.010615165844982061,0.003928405682249779,7.293069208066752e-05,inf,15.531872858114086,0.010615165844982061,0.0017246207097435188
R_DVT,,76.37599593305018,0.0,inf,0.008980352784178773,0.00465011666525651,0.00014689305350199726,inf,14.302022468121073,0.005794555548106175,0.0028828981568824116
R_31pd,,61.783633964766075,0.0,inf,0.010646597688070017,0.004864078945864255,0.0005710110149052067,inf,15.133242649729427,0.008960481944897696,0.0014788670079546333
R_31a,,49.81961378288766,0.0012409275154710556,92.69099999999999,0.010958944942918141,0.005246669100933024,0.005080738352751573,8.575219335429793,14.005902530645685,0.010788533946122062,0.002153318150049011
R_25,,87.68552429757156,0.0,inf,0.008031343818435623,0.00401435117919757,2.9251347129254684e-05,inf,21.70620852944269,0.005885521982514999,0.001838854851985394
R_s32,,96.38446974546812,0.0,inf,0.008075785486059688,0.0036510997280221075,1.2890514744373609e-05,inf,23.29798828655558,0.005535741224776516,0.0012512919693162291
R_pOFC,,94.7719633684023,0.0,inf,0.00835816794614314,0.004508285162691929,7.905086127768308e-06,inf,22.644727579827755,0.005356355548847359,0.001547664921449432
R_a32pr,,72.93966996008763,0.0,inf,0.008816468457761623,0.0044207765761258445,0.0002861146958341755,inf,19.249923289688752,0.005935603685914919,0.0019255247742339333
R_p24,,80.56481613846027,0.0,inf,0.009947197869800943,0.004484665101457836,0.00014543431795600213,inf,17.47301923449189,0.006573666811068216,0.0029512040760217247
R_4,,68.97325023476328,0.0031188195010996866,115.47280000000002,0.008945649632181724,0.01511774862627962,0.012180077635789642,7.245638122833773,13.827895779168111,0.008660048080586942,0.004254897818422456
R_3b,,77.67963728520273,0.0013551756789005717,120.8872,0.008272174390671634,0.010822256544474804,0.0063389076556555155,8.44815829505046,8.44815829505046,0.008272174390671634,0.0025137805174689563
R_5m,,49.17450028982752,0.0021779944047630785,114.96379999999999,0.008981765937335294,0.011139080123628298,0.010034869741478743,7.763637935475169,14.53027687063711,0.008698390275895543,0.0021722963296245098
R_5mv,,53.88933643381285,0.0015948810668209843,99.79068000000001,0.010256109410534212,0.007799669494755854,0.00744948235976352,8.213189339660744,14.122533660475579,0.010020975906768046,0.002201018248669232
R_23c,,51.46761236457975,0.0008740153416391244,93.73361999999999,0.010689658268728598,0.006796385379589486,0.004193466745039345,9.080907674505752,15.845219560244953,0.01066853067234574,0.002516794717327114
R_5L,,62.49647754705567,0.001668204495023494,122.11639999999997,0.00856756484447128,0.009658015125429438,0.007831403258433732,8.14834203245481,17.30666353030458,0.008188908287502746,0.002279894174768381
R_24dd,,45.734743065586876,0.0010718450459399765,101.09862000000001,0.010241685338965986,0.01085252400367767,0.007570120636714012,8.786541829353016,13.223598471540532,0.009891331850029208,0.0026554180848915795
R_24dv,,52.14860042677421,0.0,inf,0.011045369539143004,0.008247254790263628,0.0021239961821545588,inf,17.093189301408664,0.008340947227994621,0.0022387826648163065
R_SCEF,,53.646022472646735,0.0,inf,0.00918101523089331,0.007754314110828318,0.0031934895588117324,inf,20.580469714718465,0.006656026785981715,0.00349959046322474
R_6ma,,67.8278247298832,0.0,inf,0.008068645701563865,0.008148279275884884,0.0020696887331855137,inf,24.296604105271598,0.006963859103302861,0.003193201998502212
R_1,,87.83467365145424,0.0017344951143276454,122.2246,0.008181659011361052,0.010669633213343882,0.006229717539098239,8.092122406380415,8.092122406380415,0.008181659011361052,0.0037072148498210828
R_2,,77.65328732584649,0.0014093977377724735,113.91642,0.008778365752715895,0.009806700460996553,0.005521309539233061,8.391559379758869,8.391559379758869,0.008778365752715895,0.003037678902879164
R_3a,,71.360707542912,0.0008700298997324885,110.23896,0.009071203139071704,0.010525385069624273,0.004949005325761186,9.08750129621527,9.08750129621527,0.009071203139071704,0.0018615296493978933
R_6mp,,57.418897049403405,0.0009253715363478018,116.50619999999999,0.008966806853725017,0.011513795080459667,0.0069549212995793095,8.998533554662444,14.952701027226276,0.00858323419697836,0.003211471049451604
R_43,,107.01993945214844,0.0,inf,0.007322494674349623,0.006696545630364675,0.0010167265441133897,inf,13.970122645326613,0.007057413043143801,0.002872988870562477
R_OP4,,106.5723278994212,0.0,inf,0.007963578453675828,0.006217623207350479,0.0007927735097452785,inf,18.35709888294889,0.0074831042730171705,0.002649481673487906
R_OP1,,90.6637057415359,0.0,inf,0.008674475493236519,0.005587684101249741,0.0004249638100973542,inf,17.762777718380068,0.007559409779427008,0.0015965911972678308
R_OP2-3,,85.82663593493892,0.0,inf,0.007690515210685509,0.005867882662185664,0.00023736472553062004,inf,21.648580960213753,0.007152805673719906,0.0017289325588459
R_FOP1,,102.30551908103249,0.0,inf,0.007316120647511795,0.00528087008441733,0.0002449728132728355,inf,21.941015562305868,0.0068279603885437225,0.0012826033109084212
R_FEF,,85.6387526782838,0.0,inf,0.008745576626476502,0.00914815088144213,0.0027641960900326875,inf,17.03150543276756,0.006781822004299673,0.0023820876010137732
R_PEF,,89.17416490252273,0.0,inf,0.007739106665630657,0.007369977264290636,0.0009558628221951158,inf,20.81691967702718,0.006505608756375902,0.0015384216556086625
R_55b,,91.67580790558479,0.0,inf,0.008291244661595358,0.00839293647520172,0.002119060066789133,inf,17.628653909307033,0.00565962729769549,0.0031006861136519746
R_SFL,,62.355267669713115,0.0,inf,0.008162358039005765,0.006407884750027915,0.001787304972813412,inf,22.667414052197227,0.005349387200949195,0.003754129036705982
R_6d,,78.14767012225956,0.0006772830990832205,117.28220000000002,0.008581928929270486,0.012244148883161395,0.004899228950391863,9.448807282952162,16.52543374619526,0.008526443057855326,0.0030217636959636676
R_6v,,103.7028426562762,0.0,inf,0.007981441400428271,0.01027295232645121,0.001873586010021628,inf,18.00340268387254,0.006853370761875522,0.0030658109390282826
R_8Av,,89.24272857052834,0.0,inf,0.007892733334059465,0.007003828704901517,0.0008703576498326293,inf,19.44141179452979,0.00586116723504359,0.0041110278774421135
R_8Ad,,84.01501656097815,0.0,inf,0.007898405027682331,0.006083828056348398,0.00030312894921524205,inf,21.26864954767141,0.0054253784228576836,0.002447041027529187
R_8BL,,83.00331443836689,0.0,inf,0.0076361269441961015,0.005520116170637406,0.000474939662337236,inf,19.912707908228917,0.005237064633652141,0.003529050447857474
R_9p,,95.73896485751774,0.0,inf,0.006895933269892662,0.005058303467808152,0.0002094918677760237,inf,24.871739432314605,0.0049178976656313505,0.0026770633029937737
R_8C,,90.93903767682754,0.0,inf,0.007936286224384843,0.006417545624502018,0.0004090133574883326,inf,20.7741713380692,0.006439889810909379,0.003096671616429959
R_44,,108.48760017516153,0.0,inf,0.007038543911082357,0.005954444237924805,0.0004056473768873412,inf,20.734519484830926,0.005824051445477154,0.00341857903592846
R_45,,115.10390162846626,0.0,inf,0.006458885017427227,0.005027445964986208,0.00015569581655710486,inf,25.846732180523777,0.005052572011782598,0.003145504288583255
R_47l,,120.23126683560422,0.0,inf,0.006369425771160575,0.004533406005592081,7.207072395266127e-05,inf,26.741476043820487,0.0047103473505689065,0.0028479890156143067
R_a47r,,124.00164823814623,0.0,inf,0.006374412428574377,0.00416516873722976,6.155386458517655e-05,inf,25.886250405013286,0.0049063468994125494,0.0032599330890083936
R_6r,,102.3631575427701,0.0,inf,0.007400453174150573,0.007734738964504434,0.0008253987453285635,inf,19.765006796102167,0.006405326772229015,0.003325095768316994
R_IFJa,,92.72774928102757,0.0,inf,0.007543258223681951,0.005083715721079704,0.00015646277681518532,inf,22.561826966625176,0.004841611989535534,0.00116220725945312
R_IFJp,,84.87122608625874,0.0,inf,0.007743362489231748,0.005686771278425943,0.00019623437376393467,inf,23.471355634695467,0.006345906477837873,0.0013564910762595248
R_IFSp,,105.72129486110813,0.0,inf,0.006879012890083527,0.00537253867514296,0.00024283649826224555,inf,22.17069176519956,0.005288007634190862,0.002430850747645979
R_IFSa,,118.11585418527685,0.0,inf,0.006682240556372256,0.004806171853960561,0.0001291863011703458,inf,25.744128024987305,0.004993155881233594,0.002472111353267346
R_p9-46v,,105.9872542703264,0.0,inf,0.006895005340871137,0.005825183031244069,0.0002744112235440438,inf,25.054663040008684,0.004674505313463445,0.0030803318763074333
R_46,,100.68153451208637,0.0,inf,0.006893006341979416,0.0056310097999085935,0.00019870630616468648,inf,25.38573286456349,0.005050455056101465,0.002969444358509507
R_a9-46v,,117.8699847117889,0.0,inf,0.006822028628336147,0.0049864656995406475,8.692646864549736e-05,inf,25.655385349858335,0.004409047354884447,0.0026216031761189906
R_9-46d,,104.71547654146467,0.0,inf,0.0070620898290411046,0.005262672843143436,0.0001585643635396233,inf,25.3705583887893,0.004855512570242271,0.0030375129884945068
R_9a,,109.1816313463887,0.0,inf,0.007155709606587255,0.004790183792432612,0.0001396267718790304,inf,23.51177575067643,0.005010377729534407,0.0029032769095639612
R_6a,,68.78373679077805,0.0,inf,0.008396483284113148,0.009321922611957799,0.0015719691598710965,inf,20.011992983632137,0.006497795038231726,0.0027924701439559336
R_i6-8,,78.19716191153677,0.0,inf,0.008202384991079085,0.007668012683764315,0.0009259022433575351,inf,20.02653234466077,0.006221243855588506,0.002014542475545983
R_s6-8,,75.5892860467303,0.0,inf,0.008111534244788584,0.005608081119982146,0.00038044355841135904,inf,20.34524661011758,0.005413393232890348,0.0016215181742413902
R_p47r,,124.18064770033664,0.0,inf,0.006729275660487518,0.004332020511068749,8.376556356610471e-05,inf,25.770635346962003,0.0048154191068117465,0.0022134308513498224
R_47m,,114.01253403786077,0.0,inf,0.006664261127565326,0.004064622470697431,8.490431208261489e-06,inf,28.246162397204426,0.004358942364656739,0.0014878957870903915
R_10d,,113.78839091866577,0.0,inf,0.007010396493946483,0.004534477049497987,9.008077906133696e-05,inf,22.74318488234463,0.0049516684818742265,0.0033915851081948584
R_a10p,,123.05192365284711,0.0,inf,0.006499100608422509,0.0042625263842262055,3.9761505035678304e-05,inf,26.71725415928061,0.0050531170880819196,0.002202736243072749
R_10pp,,121.37690723112985,0.0,inf,0.006511481388550181,0.004462913459958165,2.6480362348352444e-05,inf,27.07944075317037,0.004882945288162583,0.002513155041961993
R_11l,,117.13040222113109,0.0,inf,0.006789551014516494,0.004336201742373794,1.3900406299563198e-05,inf,25.49872942516751,0.004949635939124731,0.002500532714973728
R_13l,,106.2901939037893,0.0,inf,0.007661381396737121,0.0042660881552169985,5.701591018034186e-06,inf,25.111006983712972,0.00464716937569461,0.0018285178582130778
R_OFC,,105.98418647443744,0.0,inf,0.007664651027384833,0.004791837455502056,1.2760592780481966e-05,inf,22.608134758160297,0.0042518481933726945,0.003072878213359659
R_47s,,109.06704775726375,0.0,inf,0.007256505201423622,0.004265573689564358,1.2062531524518703e-05,inf,26.380747312780244,0.004715683429380803,0.002447013625130279
R_p10p,,116.67711079219615,0.0,inf,0.006908677445681169,0.004488435328922785,5.874141247633007e-05,inf,25.02326355596425,0.005024475965614046,0.0024621618276497465
R_PoI2,,97.08707272671845,0.0,inf,0.00736920304789501,0.007318066590412555,0.0008835677608914073,inf,27.68905267102647,0.006108211610928423,0.0033815356434357575
R_FOP4,,99.26614374689467,0.0,inf,0.0072566160019412905,0.004790353621809956,0.0003695625562056367,inf,20.536787306682136,0.006208395215512644,0.0026403882609450113
R_MI,,97.35457311748627,0.0,inf,0.00735742379511517,0.004484426199242429,0.0001925514508199462,inf,22.039688865700537,0.005703992452477188,0.002289448787135346
R_Pir,,105.56530244426024,0.0,inf,0.008397200751143601,0.004234679359298052,1.9795162027761907e-05,inf,22.0297167542229,0.004613465866624938,0.0023690688346662816
R_AVI,,102.3688424238851,0.0,inf,0.006633252284756033,0.004130948040288781,3.8725115740479584e-05,inf,31.094230410489054,0.005143473595515386,0.001489870692689517
R_AAIC,,105.13041735757095,0.0,inf,0.007288115311054241,0.004272534184026193,4.823440805409081e-05,inf,27.072033503409937,0.004682663832593645,0.0025340889616951075
R_FOP3,,89.12274719103681,0.0,inf,0.007496203297966302,0.004180844830887533,0.00012023479723589633,inf,23.13432338452278,0.006269557099677809,0.0011813341364005562
R_FOP2,,90.35253714581594,0.0,inf,0.007381000630747175,0.005861222890821892,0.0002279398020810485,inf,22.657490660668515,0.0069393767717963765,0.0016577022569378528
R_PoI1,,95.85305717090354,0.0,inf,0.007614672010948069,0.004942447566414874,0.0006346335864894497,inf,15.317664253801,0.006197433370154351,0.002663882259761969
R_Ig,,83.89769472078946,0.0,inf,0.007489362110058873,0.005057457890318888,0.00024029719512981264,inf,21.995380334291635,0.0067111787836552205,0.0011505625488552938
R_FOP5,,103.3388377314748,0.0,inf,0.0063128228456513545,0.004362407810452205,4.785227704670687e-05,inf,25.82330300157531,0.005343392201697441,0.00128367178630943
R_PI,,107.47567495457344,0.0,inf,0.007208936096259819,0.003446691807997435,4.8701683993257006e-05,inf,27.87875723810855,0.005570999604459029,0.0019309155870461476
