glasser_roi,1_Visual_A,2_Visual_B,3_Somatomotor_A,4_Somatomotor_B,5_Temporal_Parietal,6_Frontoparietal_Area,7_Dorsal_Attention_B,8_Salience+Ventral_Attention_A,9_Salience+Ventral_Attention_B,10_Control_A,11_Control_B,12_Control_C,13_Default_A,14_Default_B,15_Default_C,16_Limbic_A,17_Limbic_B
Primary_visual_cortex,0.06461456306976389,0.20424892410683787,0.0,0.0,0.0,0.0,0.0,0.0,0.0,0.0,0.0,0.0,0.0,0.0,0.0,0.0,0.0
Medial_superior_temporal_area,0.00502415458937198,0.0,0.0,0.0,0.01910477006919356,0.0,0.0,0.0,0.0,0.0,0.0,0.0,0.0,0.0,0.0,0.0,0.0
Sixth_Visual_Area,0.0,0.06525392466286839,0.0,0.0,0.0,0.0,0.0,0.0,0.0,0.0,0.00014344115326687227,0.0,0.0,0.0,0.0,0.0,0.0
Second_Visual_Area,0.08048194668661651,0.1301889916503063,0.0,0.0,0.0,0.0,0.0,0.0,0.0,0.0,0.00018854287779279135,0.0,0.0,0.0,0.0008894536213468869,2.8382079554968997e-05,0.0
Third_Visual_Area,0.08755478064181707,0.05559322033898305,0.0,0.0,0.0,0.0,0.0,0.0,0.0,0.0,0.0,0.0,0.0,0.0,0.0,0.0,0.0
Forth_Visual_Area,0.09279331676624544,0.0029342522774574364,0.0,0.0,0.0,0.0,0.0,0.0,0.0,0.0,0.0,0.0,0.0,0.0,0.0,0.0,0.0
Eighth_Visual_Area,0.04967027648375583,0.00016299254309115355,0.0,0.0,5.768676088837612e-05,0.0,0.0,0.0,0.0,0.0,0.0,0.0,0.0,0.0,0.0,0.0,0.0
Primary_Motor_Cortex,0.0,0.0,0.11786124952088924,0.07292596382001437,0.0,0.0,0.0,0.0,0.0,0.0,0.0,0.0,0.0,0.0,0.0,0.0,0.0
Primary_Sensory_Cortex,0.0,0.0,0.07799169933133503,0.02905705983697189,0.0,0.0018438844499078055,0.0,0.0,0.0,0.0,0.0,0.0,0.0,0.0,0.0,0.0,0.0
Frontal_Eye_Field,0.0,0.0,0.004810226673695309,0.0060790273556231,0.012034317959348189,0.031777557100297914,0.0071900257515106715,0.00015711741908452917,0.0,0.0,0.0,0.006583741676089961,0.0005577723430728966,0.0,0.0,0.0,0.0
Premotor_Eye_Field,0.0,0.0,0.0,0.004109956220031569,0.00017769353787833915,0.015866020273248127,0.0006796852534441744,0.0001612036539494895,0.0,0.0,0.0,0.042805264377881375,0.0,0.0,0.0,0.0,0.0
Area_55b,0.0,0.0,0.0009615384615384618,0.01356200378605939,0.0,0.014047651838589727,0.004142853577578677,0.0019469207910646584,0.0,0.0,0.0,0.021799571881996896,0.008343516918798196,0.004892538878210729,0.0,0.0,0.0007397639188189508
Area_V3A,0.025272046143783075,0.047457897041844166,0.0,0.0,0.0,0.0,0.0,0.0,0.0,0.0,0.0,0.0,0.0,0.0,0.0,0.0,0.0
RetroSplenial_Complex,0.0,0.006755347983820524,0.0,0.0,0.0,0.0,0.0,0.0005856671281013737,0.0,0.0,0.0391808974643306,0.0005616399887672001,0.0,0.0,0.027912621359223302,0.011270629276801288,0.0
Parieto-Occipital_Sulcus_Area_2,0.0,0.02614748595455991,0.0,0.0,0.001249024199843872,0.0,0.0,0.0,0.0,0.0,0.20104219196503612,0.0,0.0,0.0,0.010054844606946984,0.00842612097502257,0.0
Seventh_Visual_Area,0.02314554869299395,0.007306401597213373,0.0,0.0,0.01704781704781705,0.0,0.0,0.0,0.0,0.0,0.0,0.0,0.0,0.0,0.0,0.0,0.0
IntraParietal_Sulcus_Area_1,0.00018914318138831096,0.00034475328592975654,0.0,0.0,0.015599688006239875,0.0,0.0,0.0,0.0,0.0,0.0004705513293075053,0.015262403958848808,0.0,0.0,0.0029013539651837525,0.00038914291273470177,0.0
Fusiform_Face_Complex,0.06434978782832895,0.0,0.0,0.0,0.05488338567677496,0.0,0.0,0.0,0.0,0.0,0.0,0.01202541735941877,0.0,0.0,0.0,0.0,0.0
Area_V3B,0.007673798530272483,0.0,0.0,0.0,6.179323981956374e-05,0.0,0.0,0.0,0.0,0.0,0.0,0.0,0.0,0.0,0.0,0.0,0.0
Lateral_Occipital_Area_1,0.017540538835257746,0.0,0.0,0.0,0.0,0.0,0.0,0.0,0.0,0.0,0.0,0.0,0.0,0.0,0.0,0.0,0.0
Lateral_Occipital_Area_2,0.022107451029791524,0.0,0.0,0.0,0.0013786489240544266,0.0,0.0,0.0,0.0,0.0,0.0,0.0,0.0,0.0,0.0,0.0,0.0
Posterior_InferoTemporal_Complex,0.047698076095642014,0.0,0.0,0.0,0.0,0.0,0.0,0.0,0.0,0.0,0.0,0.0,0.0,0.0,0.0,0.0,0.0
Middle_Temporal_Area,0.030323743242403528,0.0,0.0,0.0,0.011835019823658205,0.0008804108584005869,0.0,0.0,0.0,0.0,0.0,0.0,0.0,0.0,0.0,0.0,0.0
Primary_Auditory_Cortex,0.0,0.0,0.0,0.046639480441020995,0.0,0.0,0.0,0.0,0.0,0.0,0.0,0.0,0.0,0.0,0.0,0.0,0.0
PeriSylvian_Language_Area,0.0,0.0,0.0,0.026209396347413916,0.0,0.0,0.00947189265188328,0.010428267692619215,0.0,0.0,0.0,0.0,0.000625860558267618,0.05820921075158363,0.0,0.005913332717361175,0.005394707440865707
Superior_Frontal_Language_Area,0.0,0.0,0.0,0.0,0.0,0.0,0.005878838570916476,0.018474958345584637,0.0,0.0,0.0,0.0023574341686508405,0.004793046021365612,0.006080752391762608,0.0,7.21774120788899e-05,0.045998936802276486
PreCuneus_Visual_Area,0.0,0.0,0.0,0.0,0.0,0.005934925289764,0.009327182434646702,0.0,0.0,0.0,0.14014658538256045,0.0,0.0,0.0,0.0,0.010668069041939784,0.0
Superior_Temporal_Visual_Area,0.0,0.0,0.0,0.0011010487489333588,0.0,0.0,0.0,0.0,0.0,0.0,0.0,0.0,0.0,0.16568742655699178,0.0,0.002821598050532256,0.0006337336417503723
Medial_Area_7P,0.0,0.0,0.0,0.0,0.002683937219207655,0.0,0.0,0.0,0.0,0.0,0.09375684556407449,0.0,0.0,0.0,0.0,0.0006878236114560844,0.0
Area_7m,0.0,0.00047369044329530647,0.0,0.0,0.0,0.0,0.0,0.0,0.0,0.0,0.011828751932253512,0.0,0.0,0.0,0.0,0.0496608934476767,0.0
Parieto-Occipital_Sulcus_Area_1,0.0,0.07150894769320121,0.0,0.0,0.0,0.0,0.0,0.0,0.0,0.0,0.003626791459491079,0.0,0.0,0.0,0.1735912129894938,0.018084285688656054,0.0
Area_23d,0.0,0.0,0.0026441036488630354,0.0,0.0,0.0,0.013801916932907348,0.004305365956106269,0.0,0.0,0.0256136606189968,0.0,0.0,0.0,0.0,0.023605761020133207,0.003494562199941213
Area_Ventral_23_a+b,0.0,0.0,0.0,0.0,0.0,0.0,0.0,0.0,0.0,0.0,0.0,0.0,0.0,0.0,0.03513681592039801,0.023451813851227556,0.0
Area_Dorsal_23_a+b,0.0,0.0,0.0,0.0,0.0,0.0,0.00010410973165716664,0.0,0.0,0.0,0.0020972211819339373,0.0,0.0,0.0,0.0,0.04038849889412444,0.0
Area_31p_Ventral,0.0,0.0,0.0,0.0,0.0,0.0,0.0,0.0,0.0,0.0,0.009292196007259529,0.0,0.0,0.0,0.0,0.048837253667563287,0.0
Area_5m,0.0,0.0,0.04966974900924703,0.0,0.0,0.00014222727919214906,0.005057600449564484,0.000104942806170637,0.0,0.0,0.005256055117550963,0.0,0.0,0.0,0.0,0.0,0.0
Area_5m_ventral,0.0,0.0,0.005124835742444152,0.0,0.0,0.009121764955451844,0.028543081737006797,0.004389173372348208,0.0,0.0,0.011658122059133367,0.0,0.0,0.0,0.0,0.0,0.0
Area_23c,0.0,0.0,0.016237901171676002,0.0,0.0,0.0,0.04866300866499491,0.006013658138823769,0.0,0.0,0.07772736239889523,0.0,0.0,0.0,0.0,0.0010770459230097862,0.0
Area_5L,0.0,0.0,0.02463880288957688,0.0,0.0,0.03299597948149175,5.0154224239536575e-05,0.0,0.0,0.0,0.0,0.0,0.0,0.0,0.0,0.0,0.0
Dorsal_Area_24d,0.0,0.0,0.09663341645885289,0.0,0.0,0.0,0.010989279347481012,0.0016033670708487824,0.0,0.0,0.001763335222621072,0.0,0.0,0.0,0.0,0.0,0.0
Lateral_Area_7A,0.0,0.0,0.01888341543513957,0.0,0.0,0.0,0.025826093803312248,0.0,0.0,0.0,0.0,0.0,0.0,0.0,0.0,0.0,0.0
Supplementary_and_Cingulate_Eye_Field,0.0,0.0,0.002440633245382585,0.0,0.006916027894645842,0.056028973157221995,0.0,0.0,0.0,0.0,0.0,0.0,0.0,0.0,0.0,0.0,0.0
Area_6m_Anterior,0.0,0.0,0.017410822615869934,0.0,0.0,0.003245488770608853,0.06836054210387935,0.010342123321243015,0.0,0.0,0.0,0.0,0.0,0.0030008110300081105,0.0,0.0,0.0003752931978107897
Medial_6m_anterior,0.0,0.0,0.009248350612629597,0.0,0.0,0.027173229337023524,0.034002008360383924,0.02976931176414281,0.0,0.0,0.0,0.0191266274916465,0.009957382403313815,0.0,0.0,0.0,6.160101025656821e-05
Medial_Area_7A,0.0,0.0,0.00031289111389236547,0.0,0.031478729844257335,0.04408804187357401,0.005045433392931495,0.0,0.0,0.0,0.05672948791166952,0.0,0.0,0.0,0.0,0.0,0.0
Lateral_Area_7P,0.0,0.00025247212286976645,0.0,0.0,0.031450994276273084,0.00014622020763269483,0.0,0.0,0.0,0.0,0.012621140410187063,0.0,0.0,0.0,0.0,0.0,0.0
Area_7PC,0.0,0.0,0.007606490872210953,0.0,0.022207380197027882,0.03211321268199755,0.0,0.0,0.0,0.0,0.0,0.005756799609708501,0.011084619567490692,0.0,0.0,0.0,0.0
Area_Lateral_IntraParietal_ventral,0.0,0.0,0.0,0.0,0.023029229406554472,0.0006585687106688131,0.0,0.0,0.0,0.0,0.0,0.0046749377103079805,0.0012240437158469945,0.0,0.0,0.0,0.0
Ventral_IntraParietal_Complex,0.0,0.0,0.0,0.0,0.03544765151960496,0.0076408091980788816,0.0,0.0,0.0,0.0,0.0,0.0017910600516848757,0.0,0.0,0.0,0.0,0.0
Medial_IntraParietal_Area,0.0,0.0,0.0,0.0,0.02270690170301763,0.0,0.0,0.0,0.0,0.0,0.00031039031582214634,0.008564532454387376,0.0,0.0,0.0,0.0,0.0
Area_1,0.0,0.0,0.0782320205479452,0.010536698020159252,0.0,0.03094832481544577,0.0004757271056330414,0.0,0.0,0.0,0.0,8.543540015805549e-05,0.0,0.0,0.0,0.0,0.0
Area_2,0.0,0.0,0.05081165221258617,0.0009957927755234136,0.0,0.13536369012418686,0.00330025643884491,0.0,0.0,0.0,0.0,0.00977564455404126,0.0,0.0,0.0,0.0,0.0
Area_3a,0.0,0.0,0.012628365251179573,0.010661174546445768,0.0,0.0,0.0,0.0,0.0,0.0,0.0,0.0,0.0,0.0,0.0,0.0,0.0
Dorsal_area_6,0.0,0.0,0.0439745508982036,0.0,5.487570652472151e-05,0.04059114618162365,0.0,0.0,0.0,0.0,0.0,0.0003372925048786952,0.0,0.0,0.0,0.0,0.0
Area_6mp,0.0,0.0,0.09600484261501209,0.0,0.0,0.012109830332858436,0.0019566202963563917,0.0,0.0,0.0,0.0,0.0,0.0,0.0,0.0,0.0,0.0
Ventral_Area_6,0.0,0.0,0.0,0.016340141725719046,0.004312489633438381,0.04413551086516399,0.0026561078183025503,0.0,0.0,0.0,0.0,0.008778949921183459,4.161984434178216e-05,0.0,0.0,0.0,0.0
Area_Posterior_24,0.0,0.0,0.007436918990703851,0.0,0.0,0.0,0.055913206288953285,0.0022130888397091366,0.0,0.0,0.0014368848336805803,0.00010110456739883224,0.0,0.0,0.0,0.00019024789300458496,0.0005564465974927171
Area_33_prime,0.0,0.0,0.0,0.0,0.0,0.0,0.007949846605308793,0.00790080105344014,0.0,0.0,0.0,0.003100449302398907,0.0,0.0,0.0,0.0005092148299026616,0.0
Anterior_24_prime,0.0,0.0,0.0,0.0,0.0,0.0,0.02832170552688228,0.027395800021319687,0.0,0.0,0.0,0.0,0.0,0.0,0.0,0.0,0.0
Area_p32_prime,0.0,0.0,0.0,0.0,0.0,0.0,0.04025693704002289,0.012560128273650453,0.0,0.0,0.0,0.0,0.0,0.0,0.0,0.0,0.0
Area_a24,0.0,0.0,0.0,0.0,0.0,0.0,0.0,0.0,0.0,0.006332692525161145,0.0,0.0,0.0,0.0,0.0,0.06727358047864852,0.0
Area_dorsal_32,0.0,0.0,0.0,0.0,0.0,0.0,0.0,0.026084256288168926,0.0,0.0,0.0,0.0,0.004503930316549819,0.0,0.0,0.030910217648494866,0.001391810972649296
Area_8BM,0.0,0.0,0.0,0.0,0.0,0.0,0.0008803428703810956,0.047469856641032954,0.0,0.0,0.0,0.004801207160657537,0.05027888761422525,0.0,0.0,0.0004934877244928532,0.010325071233800056
Area_p32,0.0,0.0,0.0,0.0,0.0,0.0,0.0,0.0,0.0,0.0,0.0,0.0,0.0,0.0,0.0,0.021791814498148473,0.0
Area_10r,0.0,0.0,0.0,0.0,0.0,0.0,0.0,0.0,0.0,0.009486585967442035,0.0,0.0,0.0,0.0,0.0,0.03533023220776286,0.0003244751614263928
Area_47m,0.0,0.0,0.0,0.0,0.0,0.0,0.0,0.0,5.5697894619583375e-05,0.025838966441342343,0.0,0.0008258703899656749,0.0,0.0,0.0,0.002666821265000869,0.018213183823773346
Area_8Av,0.0,0.0,0.0,0.0,0.0,0.0005618678986140592,0.0001857829590580804,0.00023793661368611403,0.0,0.0,0.0,0.0031167640655437147,0.054465453680580325,0.002240766496677484,0.0,0.006639004149377593,0.02252431951391659
Area_8Ad,0.0,0.0,0.0,0.0,0.0,0.0,0.0,0.007806991034552232,0.0,0.0,0.0,0.0,0.006232600656500603,0.0,0.0,0.03855288594310964,0.0003818372736818659
Area_9_Middle,0.0,0.0,0.0,0.0,0.0,0.0,0.0,0.0,0.0,0.0,0.0,0.0,0.0012980751400066758,0.0,0.0,0.0706739647628396,0.06619467995221863
Area_8B_Lateral,0.0,0.0,0.0,0.0,0.0,0.0,0.0,0.0,0.0,0.0,0.0,0.0,0.0036024496657727253,0.0,0.0,0.018772151673286195,0.06956683053520081
Area_9_Posterior,0.0,0.0,0.0,0.0,0.0,0.0,0.0,0.021967478032521966,0.0,0.0,0.0,0.0,0.00041640641265875496,0.0,0.0,0.02641530316725388,0.02661354581673307
Area_10d,0.0,0.0,0.0,0.0,0.0,0.0,0.0,0.0,0.0,0.027873170406428168,0.0,0.0,0.0013449899125756557,0.0,0.0,0.09559562205890128,0.004718281810104476
Area_8C,0.0,0.0,0.0,0.0,0.0,0.0,0.0,0.00010171905197843556,0.0,0.0,0.0,0.04387872272849429,0.028146596858638743,0.0,0.0,0.0,0.0008964302865375379
Area_44,0.0,0.0,0.0,0.0,0.0,6.506180871828237e-05,0.010630911049922184,0.039428459196700384,0.0,0.0,0.0,0.019036821842745456,0.0005289067903494853,0.0,0.0,0.0,0.027646451047308934
Area_45,0.0,0.0,0.0,0.0,0.0,0.0,0.0,0.02288467329117736,0.0,0.0,0.0,9.648086060927664e-05,0.0009528149467666432,0.0067487767842078624,0.0,0.0,0.038001206387504365
Area_47L,0.0,0.0,0.0,0.0,0.0,0.0,0.0,0.005027187852672617,0.0,0.0,0.0,0.0,0.0,0.0003502013657853266,0.0,0.0009702397611717511,0.04573985257668909
Area_anterior_47R,0.0,0.0,0.0,0.0,0.0,0.0,0.0,0.0005496015388843089,0.0,0.0,0.0,0.0039757040309221425,0.10100971321073444,0.0,0.0,0.00020592020592020592,0.03430418774508336
Rostral_Area_6,0.0,0.0,0.0,0.0043886644009740695,0.0007987645774535385,0.012314635718891036,0.05199191342609109,0.011167463181507851,0.0,0.0,0.0,0.056922968629015226,0.0,0.001045520347434454,0.0,0.0,0.0
Area_IFJa,0.0,0.0,0.0,0.0,0.0,0.0,0.0002114779666393508,0.0,0.0,0.0,0.0,0.036403405983907504,0.0,0.0,0.0,0.0,0.0030696339795135297
Area_IFJp,0.0,0.0,0.0,0.0,0.0,0.0,0.0,0.0,0.0,0.0,0.0,0.030329449684288395,0.0,0.0,0.0,0.0,0.0
Area_IFSp,0.0,0.0,0.0,0.0,0.0,0.0,0.0,5.275931201857128e-05,0.0,0.0,0.0,0.041553840313804886,0.0,0.0,0.0,0.0,0.01726340616503423
Area_IFSa,0.0,0.0,0.0,0.0,0.0,0.0,0.0,0.0048543689320388345,0.0,0.0,0.0,0.034917215640107205,0.0,0.005863250947140537,0.0,0.0,0.01122644886271192
Area_posterior_9-46v,0.0,0.0,0.0,0.0,0.0,0.0,0.0,0.012824336415150612,0.0,0.0,0.00037039323415025615,0.05577993929689554,0.011302453659939992,0.0,0.0,7.293547034261436e-05,0.005080306711684706
Area_46,0.0,0.0,0.0,0.0,0.0,0.0,0.0,0.0577095584570916,0.0,0.0,0.001615408511960236,0.021514650566616354,0.004159973639770996,0.0,0.0,0.008768885072800017,0.0
Area_anterior_9-46v,0.0,0.0,0.0,0.0,0.0,0.0,0.0,0.031234206004245427,0.0,0.0,0.0,0.028849656378251046,0.02941789241218384,0.0,0.0,0.0,0.0
Area_9-46d,0.0,0.0,0.0,0.0,0.0,0.0,0.0,0.07984022092908571,0.0,0.0,0.0008475089291119316,0.0,0.0015107590543464947,0.0,0.0,0.0026829577796711563,0.0
Area_9_anterior,0.0,0.0,0.0,0.0,0.0,0.0,0.0,0.03981400755594304,0.0,0.0,0.0,0.0,0.010700349973852528,0.0,0.0,0.008873146210128982,0.04258356870169776
Area_10v,0.0,0.0,0.0,0.0,0.0,0.0,0.0,0.0,0.0,0.15304660692274377,0.0,0.0,0.0,0.0,0.0,0.02036537885594489,0.004042755198921932
Area_anterior_10p,0.0,0.0,0.0,0.0,0.0,0.0,0.0,0.0,0.0,0.04452931067405003,0.0,0.0,0.05321925133689839,0.0,0.0,0.0,0.0
Polar_10p,0.0,0.0,0.0,0.0,0.0,0.0,0.0,0.0,0.0,0.2077948509209321,0.0,0.0,3.996323382488111e-05,0.0,0.0,0.0008181122948049869,0.0
Area_11,0.0,0.0,0.0,0.0,0.0,0.0,0.0,0.016870722066904462,0.0,0.09545872653561818,0.0,0.0129933409127822,0.049080492006891296,0.0,0.0,0.0010338865220413912,0.001732726878925709
Area_13,0.0,0.0,0.0,0.0,0.0,0.0,0.0,0.0014266788953429125,0.00010520778537611782,0.1321137461734223,0.0,0.0004405394160405296,0.0,0.0,0.0,0.0,0.003974486361742364
Orbital_Frontal_Complex,0.0,0.0,0.0,0.0,0.0,0.0,0.0,0.0,0.0,0.17046691965022273,0.0,0.0,0.0,0.0,0.0,0.0,0.0
Area_47s,0.0,0.0,0.0,0.0,0.0,0.0,0.0,0.0036280020439448126,0.011659807956104253,0.030887744898337097,0.0,0.0,0.0,0.0008697164724299878,0.0,0.0,0.0378576245063096
Area_Lateral_IntraParietal_dorsal,0.0,0.0,0.0,0.0,0.0001225865767698437,0.0,0.0,0.0,0.0,0.0,0.0,0.013053514101509643,4.493372275893058e-05,0.0,0.0,0.0,0.0
Area_6_anterior,0.0,0.0,0.0009893643334157804,0.0,0.001960463976474432,0.09414336822578509,0.0,0.0,0.0,0.0,0.0,0.02292579031756288,0.001728181705962227,0.0,0.0,0.0002555350721886578,0.0
Inferior_6-8_Transitional_Area,0.0,0.0,0.0,0.0,5.7185337679419e-05,0.00527500351666901,0.00010136590557765897,0.0,0.0,0.0,0.0,0.01718496315723742,0.02061723652196184,0.0001795009872554299,0.0,0.0004902422928254926,0.0019488745249618344
Superior_6-8_Transitional_Area,0.0,0.0,0.0,0.0,0.0,0.0,0.0,0.0020905194940942823,0.0,0.0,0.0,0.0063699059561128524,0.020173898145371995,0.0,0.0,0.013087470449172576,0.008923046862278959
Area_43,0.0,0.0,0.0,0.06123434349172087,0.0,0.0,0.025072082236429732,0.0,0.0,0.0,0.0,0.0,0.0,0.0,0.0,0.0,0.0
Area_OP4/PV,0.0,0.0,0.0008501335924216663,0.11473511271512832,0.0,0.0,0.018945102260495155,0.0,0.0,0.0,0.0,0.0,0.0,0.0,0.0,0.0,0.0
Area_OP1/SII,0.0,0.0,0.011971268954509178,0.05976944403910696,0.0,0.0,0.006471328419917311,0.0,0.0,0.0,0.0,0.0,0.0,0.0,0.0,0.0,0.0
Area_OP2-3/VS,0.0,0.0,0.0021645021645021645,0.0626166286543645,0.0,0.0,0.0,0.0,0.0,0.0,0.0,0.0,0.0,0.0,0.0,0.0,0.0
Area_52,0.0,0.0,0.0,0.004350933896882866,0.0,0.0,0.0011396629853743247,0.0,0.0,0.0,0.0,0.0,0.0,0.00010164667615368976,0.0,0.0,0.00094969982701896
RetroInsular_Cortex,0.0,0.0,0.0002727768685215493,0.05005817248888756,0.0,0.0,0.0,0.0,0.0,0.0,0.0,0.0,0.0,9.514747859181732e-05,0.0,0.0,0.0
Area_PFcm,0.0,0.0,0.0009876218066894916,0.054441840955769615,0.0,0.0,0.02517518155179004,0.0,0.0,0.0,0.0,0.0,0.0,0.000181257930034439,0.0,0.0,0.0
Posterior_Insular_Area_2,0.0,0.0,0.0,0.04116109506121887,0.0,0.0,0.06933034299505131,0.0,0.0003096294767261843,0.0,0.0,0.0,0.0,0.0,0.0,0.0,0.0
Area_TA2,0.0,0.0,0.0,0.04703517587939698,0.0,0.0,0.00531632110579479,0.0,0.0,0.0,0.0,0.0,0.0,0.036462999462461926,0.0,0.0,0.0029214139643587494
Frontal_OPercular_Area_4,0.0,0.0,0.0,0.0020329220430866527,0.0,0.0,0.06060908387997905,0.025755248335893495,0.0,0.0,0.0,0.0,0.0,0.0008727526618956189,0.0,0.0,0.0013503520560717616
Middle_Insular_Area,0.0,0.0,0.0,0.0009479994423532691,0.0,0.0,0.05229274068227227,0.03082919914953933,0.0,0.0,0.0,0.0,0.0,0.00042800890258517377,0.0,0.0,0.0012768538321575637
Pirform_Cortex,0.0,0.0,0.0,0.0,0.0,0.0,0.015555839836254316,0.0,0.013742531233025528,0.0019295334388144947,0.0,0.0,0.0,0.0,0.0,0.0,0.0
Anterior_Ventral_Insular_Area,0.0,0.0,0.0,0.0,0.0,0.0,0.0009631713684637418,0.0678813118167621,0.0,0.0,0.0,0.0,0.0,0.0,0.0,0.0,0.004807848487801709
Anterior_Agranular_Insula_Complex,0.0,0.0,0.0,0.0008005260599822741,0.0,0.0,0.014324262981363326,0.04531330916623511,0.001123355087193752,0.0148030663494581,0.0,0.0,0.0,0.002224595123687489,0.0,0.0,0.005925590130492504
Frontal_OPercular_Area_1,0.0,0.0,0.0,0.012769874974014788,0.0,0.0,0.041357010613053795,0.0,0.0,0.0,0.0,0.0,0.0,0.0,0.0,0.0,0.0
Frontal_OPercular_Area_3,0.0,0.0,0.0,0.0007302601551802828,0.0,0.0,0.0220026104792094,0.0,0.0,0.0,0.0,0.0,0.0,0.0,0.0,0.0,0.0
Frontal_OPercular_Area_2,0.0,0.0,0.0,0.029818378964489023,0.0,0.0,0.009134831164030945,0.0,0.0,0.0,0.0,0.0,0.0,0.0,0.0,0.0,0.0
Area_PFt,0.0,0.0,0.0,5.879413234559191e-05,0.0,0.048359115223362725,0.004238492750626728,0.00026553372278279334,0.0,0.0,0.0,0.007640003056001222,0.0,0.0,0.0,0.0,0.0
Anterior_IntraParietal_Area,0.0,0.0,0.0,0.0,0.008541582501298552,0.014155640916204295,0.0,0.0,0.0,0.0,0.0,0.04416467329724286,0.00042979326943740054,0.0,0.0,0.0,0.0
Entorhinal_Cortex,0.0,0.0,0.0,0.0,0.0,0.0,0.0,0.0,0.03185419968304279,0.0,0.0,0.0,0.0,0.0,0.027596519847743337,0.0,0.0
PreSubiculum,0.0,0.009975264587810713,0.0,0.0,0.0,0.0,0.0,0.0,0.0,0.0,0.0,0.0,0.0,0.0,0.027841892671667628,0.0,0.0
Hippocampus,0.0,0.002139715497087609,0.0,0.0,0.00011310298026352996,0.0,0.0,0.0,0.00691710120251144,0.0,0.0,0.0,0.0,0.0,0.02825484764542936,0.0,0.0
ProStraite_Area,0.0,0.0709424623633739,0.0,0.0,0.0,0.0,0.0,0.0,0.0,0.0,0.0,0.0,0.0,0.0,0.013236168947055324,0.0,0.0
Perirhinal_Ectorhinal_Cortex,0.0,0.0,0.0,0.0,0.0,0.0,0.0,0.0,0.19370753048496692,0.0,0.0,0.0,0.0,0.0,0.024213075060532687,0.0,0.0
Area_STGa,0.0,0.0,0.0,0.00518236868046754,0.0,0.0,0.0007963963067121277,0.0,0.006910011604599641,0.0,0.0,0.0,0.0,0.09059294035819856,0.0,0.0005580876197563017,0.014993418306739012
ParaBelt_Complex,0.0,0.0,0.0,0.05708351876576176,0.0,0.0,0.0,0.0,0.0,0.0,0.0,0.0,0.0,0.0155631013016412,0.0,0.0,0.0
Auditory_5_Complex,0.0,0.0,0.0,0.0029711485834918814,0.0,0.0,0.0,0.0,0.0,0.0,0.0,0.0,0.0,0.1416421833926086,0.0,0.0024726681855914093,0.041314957487952365
ParaHippocampal_Area_1,0.0009186427054027673,0.02545882889387088,0.0,0.0,0.009219118696153213,0.0,0.0,0.0,0.0006723906072204406,0.0,0.0,0.0,0.0,0.0,0.13981958762886598,0.0,0.0
ParaHippocampal_Area_3,0.012013127747848164,8.410075270173667e-05,0.0,0.0,0.014744913005013271,0.0,0.0,0.0,0.014391674969556073,0.0,0.0,0.0,0.0,0.0,0.021565003080714722,0.0,0.0
Area_STSd_Anterior,0.0,0.0,0.0,0.0,0.0,0.0,0.0,0.0,0.0,0.0,0.0,0.0,0.0,0.053780266842365344,0.0,0.008939765603706733,0.06040205115298707
Area_STSd_Posterior,0.0,0.0,0.0,0.0,0.0,0.0,0.0,0.0,0.0,0.0,0.0,0.0,0.0,0.0812555260831123,0.0,0.0,0.029235987724115647
Area_STSv_Posterior,0.0,0.0,0.0,0.0,0.0,0.0,0.0,0.0,0.0,0.0,0.0,0.0003520152875210581,0.0054947413608070405,0.02334241598546776,0.0,0.0,0.02332409068667428
Area_TG_Dorsal,0.0,0.0,0.0,0.0,0.0,0.0,0.002079110140859712,0.0,0.28348842241938976,0.0,0.0,0.0,0.0,0.0007893438579181054,0.0,0.0,0.10086433671552048
Area_TE1_Anterior,0.0,0.0,0.0,0.0,0.0,0.0,0.0,0.0,0.014676064497441344,0.0,0.0,0.0,0.0059898993853501935,0.0,0.0,0.02961565997869628,0.06950733975625323
Area_TE1_Posterior,0.000807061790668348,0.0,0.0,0.0,0.03795259560855024,0.0,0.0,0.0,0.0,0.0,0.0,0.0667486993502148,0.06416770162959617,0.0030799384012319755,0.0,0.0,0.00934248916919631
Area_TE2_Anterior,0.0,0.0,0.0,0.0,0.011094934484662883,0.0,0.0,0.0,0.09096528768426057,0.0,0.0,0.007349829617586137,0.014192350825631308,0.0,0.0,6.908582186220833e-05,0.03263192751136398
Area_TF,0.0022436733629011218,0.0,0.0,0.0,0.03344850032547193,0.0,0.0,0.0,0.15586756474717767,0.0,0.0,0.0,0.0,0.0,0.0061001262095077835,0.0,0.0
Area_TE2_Posterior,0.005829418756013356,0.0,0.0,0.0,0.07334235453315291,0.0,0.0,0.0,0.028693965077095884,0.0,0.0,0.033753064673537884,0.0003276674175711653,0.0,0.0,0.0,0.0
Area_PHT,0.0030855694528624166,0.0,0.0,0.0,0.0308098127143234,0.02365166390411832,0.001792579663655447,0.0,0.0,0.0,0.0,0.04775313583579623,0.0013657360915846556,0.028628072957969864,0.0,0.0,0.0014571384281506744
Area_PH,0.040207522697795074,0.0,0.0,0.0,0.0706618479961163,6.548788474132285e-05,0.0,0.0,0.0,0.0,0.0,0.034030233275587934,8.17026839331672e-05,0.0,0.0,0.0,0.0
Area_TemporoParietoOccipital_Junction_1,0.0,0.0,0.0,0.0,0.0007833920877399138,0.0006163539241199836,0.0,0.0,0.0,0.0,0.0,0.0,0.0,0.13673433975360055,0.0,0.0013382153411519804,0.010618844438741136
Area_TemporoParietoOccipital_Junction_2,0.007145809956888915,0.0,0.0,0.0,0.060826427645301315,0.0460262612301313,0.0008507444013511824,0.0,0.0,0.0,0.0,0.0,0.0,0.007811128664209233,0.0,0.0,0.0
Area_TemporoParietoOccipital_Junction_3,0.00025379100310893977,0.0,0.0,0.0,0.0244461882054687,0.0,0.0,0.0,0.0,0.0,0.0,0.0,0.0,0.0,0.0,0.0,0.0
Dorsal_Transitional_Visual_Area,6.061708189367764e-05,0.03873023654859664,0.0,0.0,0.005143616713864648,0.0,0.0,0.0,0.0,0.0,0.01354916922199244,0.0,0.0,0.0,0.014473684210526316,3.7974443199726586e-05,0.0
Area_PGp,0.02491984024301063,0.0,0.0,0.0,0.06721196792767584,0.0,0.0,0.0,0.0,0.0,0.0,0.0,0.0,0.0,0.013300492610837438,0.0,0.0
Area_IntraParietal_2,0.0,0.0,0.0,0.0,0.0,0.001560410164957646,0.0,0.0,0.0,0.0,0.0,0.014799428793976372,0.00617637975912119,0.0,0.0,0.0003494127923905659,0.0
Area_IntraParietal_1,0.00017604600668974824,0.0,0.0,0.0,0.02386955790889225,0.0,0.0,0.0,0.0,0.0,0.0,0.025910931174089068,0.0003363181569764998,0.0,0.0005417118093174431,0.005171611943075063,0.0
Area_IntraParietal_0,0.017229832572298327,0.0,0.0,0.0,0.02135685682781034,0.0,0.0,0.0,0.0,0.0,0.0,0.0,0.0,0.0,0.0,7.615711212230831e-05,0.0
Area_PF_Opercular,0.0,0.0,0.0,0.008185306238453887,0.0,0.018102372034956304,0.05007400717493289,0.0,0.0,0.0,0.0,0.0,0.0,8.816787162757891e-05,0.0,0.0,0.0
Area_PF_Complex,0.0,0.0,0.0,0.004044441272333643,0.0,0.014460262302432463,0.07523175405168168,0.037131097293983714,0.0,0.0,0.0,0.016792504705708183,0.018927211563343316,0.007652715698225653,0.0,0.0,0.0022957775130045626
Area_PFm_Complex,0.0,0.0,0.0,0.0,0.0004837695321948624,0.0,0.0,0.0001785873738726672,0.0,0.0,0.0,0.01060276275240825,0.04588328134981774,0.0022337009632835405,0.0,0.03444270491389324,0.021312295781696158
Area_PGi,0.0,0.0,0.0,0.0,0.028336235554851985,0.0,0.0,0.0,0.0,0.0,0.0,0.0,0.0,0.029827066476281132,0.04429783223374175,0.027947036434787274,0.02278999100803076
Area_PGs,0.0012828050670800149,0.0,0.0,0.0,0.01188829105816039,0.0,0.0,0.0,0.0,0.0,0.0009757684176288829,0.012474201084121476,0.007582007464152426,0.0,0.04120636323464428,0.04690756861852131,0.0
Area_V6A,0.005145259459120286,0.03176777839619814,0.0,0.0,0.006271277548826376,0.0,0.0,0.0,0.0,0.0,0.0004650081376424088,0.0,0.0,0.0,0.005254777070063694,0.0,0.0
VentroMedial_Visual_Area_1,0.016303395079763923,0.08028316931813761,0.0,0.0,0.004352921479993303,0.0,0.0,0.0,0.0,0.0,0.0,0.0,0.0,0.0,0.0002682403433476395,0.0,0.0
VentroMedial_Visual_Area_3,0.022881409646954422,0.005122194730216608,0.0,0.0,0.0,0.0,0.0,0.0,0.0,0.0,0.0,0.0,0.0,0.0,0.0,0.0,0.0
ParaHippocampal_Area_2,0.002938050884540852,0.004429867529922903,0.0,0.0,0.00672498958519312,0.0,0.0,0.0,0.00011164452383610584,0.0,0.0,0.0,0.0,0.0,0.1001577287066246,0.0,0.0
Area_V4t,0.016008196196452582,0.0,0.0,0.0,0.0015831455885039274,0.0,0.0,0.0,0.0,0.0,0.0,0.0,0.0,0.0,0.0,0.0,0.0
Area_FST,0.01173840134153158,0.0,0.0,0.0,0.037735849056603765,0.007772400645255902,0.0,0.0,0.0,0.0,0.0,0.007511254019292605,0.0,0.0,0.0,0.0,0.0
Area_V3CD,0.025856132223126525,0.0,0.0,0.0,0.0007151796888968353,0.0,0.0,0.0,0.0,0.0,0.0,0.0,0.0,0.0,0.0,0.0,0.0
Area_Lateral_Occipital_3,0.020178957112002467,0.0,0.0,0.0,0.015754511786491093,0.0,0.0,0.0,0.0,0.0,0.0,0.0,0.0,0.0,0.0,0.0,0.0
VentroMedial_Visual_Area_2,0.008921227459664663,0.03975230589356082,0.0,0.0,0.000541809644211667,0.0,0.0,0.0,0.0,0.0,0.0,0.0,0.0,0.0,0.0,0.0,0.0
Area_31pd,0.0,0.0,0.0,0.0,0.0,0.0,0.0,0.0,0.0,0.0,0.004981707791702344,0.0,0.0,0.0,0.0,0.018022567050552524,0.0
Area_31a,0.0,0.0,0.0,0.0,0.0,0.0,0.0006782667675371089,0.002037533512064343,0.0,0.0,0.06785795068988916,0.0,0.0,0.0,0.0,0.012329743579863987,0.0
Ventral_Visual_Complex,0.07539453677974099,0.0005400114752438489,0.0,0.0,0.019719301775743246,0.0,0.0,0.0,0.0,0.0,0.0,0.0,0.0,0.0,0.0035046728971962616,0.0,0.0
Area_25,0.0,0.0,0.0,0.0,0.0,0.0,0.0,0.0,0.0,0.0633350616200694,0.0,0.0,0.0,0.0,0.0,0.00030876705455527896,0.0
Area_s32,0.0,0.0,0.0,0.0,0.0,0.0,0.0,0.0,0.0,0.035885263708412114,0.0,0.0,0.0,0.0,0.0,0.006239947289886247,0.0
Posterior_OFC_Complex,0.0,0.0,0.0,0.0,0.0,0.0,0.0,0.0,0.0015271195365982096,0.1028330809293392,0.0,0.0,0.0,0.0,0.0,0.0,6.414573911927901e-05
Area_Posterior_Insular_1,0.0,0.0,0.0,0.025051228029668967,0.0,0.0,0.038703115066751434,0.0,0.00010793308148947651,0.0,0.0,0.0,0.0,0.0,0.0,0.0,0.0
Insular_Granular_Complex,0.0,0.0,0.0,0.04356020942408377,0.0,0.0,0.0008398729692134064,0.0,0.0,0.0,0.0,0.0,0.0,0.0,0.0,0.0,0.0
Area_Frontal_Opercular_5,0.0,0.0,0.0,0.0,0.0,0.0,0.005573186779162473,0.05598557947195419,0.0,0.0,0.0,0.0,0.0,0.0013901760889712695,0.0,0.0,0.0046985378675866605
Area_Posterior_10p,0.0,0.0,0.0,0.0,0.0,0.0,0.0,0.002031075454453133,0.0,0.007192924510991229,0.0,0.0,0.057012590454678554,0.0,0.0,0.012704880081489027,0.0
Area_Posterior_47r,0.0,0.0,0.0,0.0,0.0,0.0,0.0,0.0144336366488861,0.0,0.0,0.0,0.017916739855963464,0.01354188986500964,0.0,0.0,0.0,0.011891187489819188
Area_TG_ventral,0.0,0.0,0.0,0.0,0.0,0.0,0.0,0.0,0.19451143050062697,0.0,0.0,0.0,0.0,0.0,0.0,0.0,0.0007593475685690854
Medial_Belt_Complex,0.0,0.0,0.0,0.02176700360795539,0.0,0.0,0.001256117028236464,0.0,0.0,0.0,0.0,0.0,0.0,0.003517779045445902,0.0,0.0,0.0004972980141232636
Lateral_Belt_Complex,0.0,0.0,0.0,0.03527798933739528,0.0,0.0,0.0,0.0,0.0,0.0,0.0,0.0,0.0,0.0012792757331234008,0.0,0.0,0.0
Auditory_4_Complex,0.0,0.0,0.0,0.06611209600436384,0.0,0.0,0.0002902687404755569,0.0,0.0,0.0,0.0,0.0,0.0,0.015974176460850854,0.0,0.0,0.0
Area_STSv_Anterior,0.0,0.0,0.0,0.0,0.0,0.0,0.0,0.0,0.0,0.0,0.0,0.0,0.0007396771526780663,0.006917180781454478,0.0,0.008169213952864018,0.02461852816135517
Area_TE1_Middle,0.0,0.0,0.0,0.0,0.0014545062759252277,0.0,0.0,0.0,0.0022872827081427266,0.0,0.0,0.0,0.07097090152226257,0.0,0.0,7.248083787848587e-05,0.0208392179016414
Para-Insular_Area,0.0,0.0,0.0,0.0,0.0,0.0,0.013648988229070229,0.0,0.0010129431626336523,0.0,0.0,0.0,0.0,0.0018421562924180724,0.0,0.0,0.010213959077405788
Area_Anterior_32_Prime,0.0,0.0,0.0,0.0,0.0,0.0,0.0008323579139029784,0.05565059339249439,0.0,0.0,0.0,0.0,0.0,0.0,0.0,0.0034218266402660565,0.0
Area_Posterior_24,0.0,0.0,0.0,0.0,0.0,0.0,0.0,0.02997802657737784,0.0,0.0,0.0,0.0,0.0,0.0,0.0,0.04179047979559004,0.0
