label,ED,SC_W,SPE_W,COM,SI,NAV,DIF,response
7Networks_LH_Cont_Cing_1-lh,45.30780454179475,1.0,2129.118951795847,0.00029696172611832345,16.001269879086042,0.02207125262663163,0.0030005878459802345,0
7Networks_LH_Cont_Cing_2-lh,56.289608395521306,1.0,1772.0726522748294,0.00010019123514824809,16.001269879086042,0.0177652683773079,0.0019445563352948605,1
7Networks_LH_Cont_PFCl_1-lh,92.76624761401024,1.0,1527.9248488432218,6.648080127297256e-05,16.001269879086042,0.010779782795148574,0.0022633498995609487,1
7Networks_LH_Cont_PFCl_2-lh,94.17222123205224,1.0,1574.6735303019768,0.00010903366592653182,16.001269879086042,0.010618842657813855,0.0023851193104612585,1
7Networks_LH_Cont_PFCl_3-lh,92.56460211681191,1.0,1753.2833872038761,0.0001366379090775012,16.001269879086042,0.010803265796335946,0.0025356662572125926,0
7Networks_LH_Cont_PFCl_4-lh,75.10439887351255,1.0,1856.0551664411737,0.00024183888828589262,16.001269879086042,0.013314799332648345,0.0037517743090468595,0
7Networks_LH_Cont_PFCl_5-lh,59.88927532099942,1.0,2128.764238494811,0.0008189064896824633,16.001269879086042,0.016697480385930847,0.0037748660035663967,0
7Networks_LH_Cont_PFCl_6-lh,35.83967480899103,1.0,2691.671274480088,0.006607170086446169,16.001269879086042,0.02790203888092009,0.004174698143288467,1
7Networks_LH_Cont_Par_1-lh,27.989924647185557,1.0,1795.1207893133283,0.006871043189930205,16.001269879086042,0.03572714155557943,0.002327250620362824,0
7Networks_LH_Cont_Par_2-lh,36.89254154077529,918.6452220533795,2823.149051434931,0.02406365574702941,6.157905884604733,0.027105749786708384,0.003530041599126447,1
7Networks_LH_Cont_Par_3-lh,20.685756414868322,731.7946925774656,3002.5419990010264,0.041559975877257946,6.485974736902882,0.04834244298077633,0.0025702522652494004,1
7Networks_LH_Cont_Temp_1-lh,69.693904083864,1.0,1351.3840069334153,0.000593483033366208,16.001269879086042,0.014348457202177697,0.0028251530354230824,1
7Networks_LH_Cont_pCun_1-lh,55.506585393165736,1.0,1427.2454961383232,0.00011003906124471298,16.001269879086042,0.018015880330536874,0.002201600433854745,1
7Networks_LH_Default_PCC_1-lh,62.33059865190543,1.0,1616.0135991612826,6.047698906936366e-05,16.001269879086042,0.016043484606728227,0.003261825659672335,1
7Networks_LH_Default_PCC_2-lh,50.900143220898954,1.0,1589.4697571108627,6.571596134485731e-05,16.001269879086042,0.01964631014219647,0.002702472033839954,1
7Networks_LH_Default_PCC_3-lh,44.51205802234896,1.0,1562.4089786198974,9.811367548702409e-05,16.001269879086042,0.022465822620421464,0.001528468505666833,1
7Networks_LH_Default_PCC_4-lh,46.52568091469674,1.0,1391.6422357517338,8.15673214415677e-05,16.001269879086042,0.02149350595928872,0.002331659730067127,1
7Networks_LH_Default_PFC_1-lh,85.7803809745173,1.0,1770.6606996513237,0.00029894485722535287,16.001269879086042,0.011657677299160854,0.003364014911271852,0
7Networks_LH_Default_PFC_10-lh,70.53356655089837,1.0,2048.42026353444,6.18429463684575e-05,16.001269879086042,0.014177646883606558,0.004231932702769046,1
7Networks_LH_Default_PFC_11-lh,49.48837610306473,110.03516538256443,2199.286862324797,0.002945807534017775,9.219449030875202,0.02020676527993958,0.005175150741081592,1
7Networks_LH_Default_PFC_12-lh,55.90316394204516,1.0,2528.2595962384858,0.0005357914762494075,16.001269879086042,0.017888075190819263,0.004752746953822367,0
7Networks_LH_Default_PFC_13-lh,59.705820726537624,1.0,2490.630694220725,0.0005228278992924124,16.001269879086042,0.01674878576043972,0.006355991283282787,1
7Networks_LH_Default_PFC_2-lh,96.92080004830089,1.0,1500.877593737808,3.9124269555234565e-05,16.001269879086042,0.010317702696445405,0.0034127710283225177,1
7Networks_LH_Default_PFC_3-lh,85.6159055012362,1.0,1690.7637604408862,0.0001613117368263097,16.001269879086042,0.011680072693800583,0.0018933504190657294,1
7Networks_LH_Default_PFC_4-lh,115.97652917179347,1.0,1690.8314000953658,4.940734138241523e-05,16.001269879086042,0.0086224342730478,0.0052142714605315915,0
7Networks_LH_Default_PFC_5-lh,68.98815367921038,1.0,1765.5196264949623,0.0004302848238636896,16.001269879086042,0.014495242250574254,0.0029271208530222857,0
7Networks_LH_Default_PFC_6-lh,89.87607960067753,1.0,1632.7753626828012,4.585292064345148e-05,16.001269879086042,0.011126431019722199,0.0030839781816140986,1
7Networks_LH_Default_PFC_7-lh,102.65645739543618,1.0,1830.6564807428176,4.694737961424588e-05,16.001269879086042,0.009741228417302244,0.005368947326256431,0
7Networks_LH_Default_PFC_8-lh,73.33829485459204,1.0,1742.245971923637,5.361344196308319e-05,16.001269879086042,0.013635441101851383,0.0032373716261225095,0
7Networks_LH_Default_PFC_9-lh,82.22847383874426,1.0,2156.2523259524587,0.00015061011677169116,16.001269879086042,0.012161237504675926,0.0059394692480719555,0
7Networks_LH_Default_PHC_1-lh,72.46671320638755,1.0,1211.966419548185,6.039085762702002e-05,16.001269879086042,0.013799439159769363,0.002616869622385817,1
7Networks_LH_Default_Temp_1-lh,91.94313712750952,1.0,1516.149073140835,0.00022889293286630907,16.001269879086042,0.010876287575582393,0.0034165295672985664,0
7Networks_LH_Default_Temp_2-lh,75.27907029100764,1.0,1314.095518560893,0.0002419151363216672,16.001269879086042,0.01328390475778038,0.002577391729417352,1
7Networks_LH_Default_Temp_3-lh,69.94205989330125,1.0,1446.8732298032946,0.0004408274145424677,16.001269879086042,0.014297548592728476,0.0035604647243074475,0
7Networks_LH_Default_Temp_4-lh,62.146256353805086,1.0,1536.8634013821757,0.0006893004991950275,16.001269879086042,0.016091073842113612,0.003389719218468899,0
7Networks_LH_Default_Temp_5-lh,49.811016137628144,1.0,1645.8834078728612,0.0007176620309915995,16.001269879086042,0.020075880348174265,0.003447120558105255,0
7Networks_LH_Default_Temp_6-lh,49.671444286485055,1.0,1761.8382850938708,0.0010094832689546641,16.001269879086042,0.020132291588551347,0.003073727504573571,1
7Networks_LH_Default_Temp_7-lh,53.21284753869997,1.0,1773.1938869593475,0.0009191104024067739,16.001269879086042,0.018792454195816766,0.0039677338483087915,0
7Networks_LH_Default_Temp_8-lh,38.223567903907515,1.0,1620.6736852943045,0.001471300820762079,16.001269879086042,0.02616186962226967,0.0025274380036919403,1
7Networks_LH_Default_Temp_9-lh,40.69723356848748,433.15689219203006,1982.176519623523,0.008454068880180951,7.242524016345055,0.024571694739819266,0.004653623000599677,0
7Networks_LH_DorsAttn_FEF_1-lh,29.15662459310391,1.0,4488.238897462884,0.007586493239658074,16.001269879086042,0.0342975229113633,0.0039038554968735843,0
7Networks_LH_DorsAttn_FEF_2-lh,43.82803617196483,1.0,3579.1112790914863,0.0018480828167629251,16.001269879086042,0.022816445529897204,0.003927169723469343,1
7Networks_LH_DorsAttn_Post_1-lh,71.48351561973824,1.0,1376.113970947926,0.00021045469832438167,16.001269879086042,0.013989239215927386,0.004100637311905452,1
7Networks_LH_DorsAttn_Post_10-lh,37.11907010402141,1.0,2122.216736290183,0.008483250762201444,16.001269879086042,0.0269403300566967,0.003247972466779998,1
7Networks_LH_DorsAttn_Post_2-lh,64.94624436718101,1.0,1679.079801213156,0.0013630035765645706,16.001269879086042,0.015397349142259648,0.0036443694891311615,0
7Networks_LH_DorsAttn_Post_3-lh,45.85274135005257,1.0,2176.0622522235303,0.002437359128280622,16.001269879086042,0.021808946871152635,0.002666182700925782,0
7Networks_LH_DorsAttn_Post_4-lh,20.938866719600618,9382.485635317398,9382.485635317398,0.20880502616842517,2.805515418091049,0.047758076566002124,0.003797611035734512,0
7Networks_LH_DorsAttn_Post_5-lh,20.216936242727265,10095.045117210475,10095.045117210475,0.23156231654648277,2.6999101410979773,0.049463478936366274,0.002860980872694854,0
7Networks_LH_DorsAttn_Post_6-lh,26.79132481882156,1.0,3750.279005450606,0.028166967484415363,16.001269879086042,0.03732551513456608,0.0024980987273732448,1
7Networks_LH_DorsAttn_Post_7-lh,51.16315570735048,1.0,1915.9406413206552,0.0017930349981900903,16.001269879086042,0.019545315103703283,0.0036805768603858716,1
7Networks_LH_DorsAttn_Post_8-lh,34.688737550187604,1.0,2415.3916025709586,0.010118516142348238,16.001269879086042,0.028827800335864105,0.003031771450918001,1
7Networks_LH_DorsAttn_Post_9-lh,45.602157664117726,1.0,1452.349906379739,0.0003791709510185021,16.001269879086042,0.021928786952702783,0.002736254419056907,1
7Networks_LH_DorsAttn_PrCv_1-lh,41.79581782015365,1.0,2394.013585324215,0.004275187963525708,16.001269879086042,0.023925838807676278,0.0030903319570368877,1
7Networks_LH_Limbic_OFC_1-lh,89.80991852020408,1.0,1589.1910492594889,5.545986509435211e-05,16.001269879086042,0.011134627627738413,0.0028099217495314,1
7Networks_LH_Limbic_OFC_2-lh,103.67347416125872,1.0,1526.6893093863036,4.7629987161393266e-05,16.001269879086042,0.009645668847216906,0.004115383420527683,0
7Networks_LH_Limbic_TempPole_1-lh,91.17867181963378,1.0,1334.4110427947874,7.05915476124316e-05,16.001269879086042,0.010967477152750836,0.0028476813347019098,1
7Networks_LH_Limbic_TempPole_2-lh,80.21613893432357,1.0,1284.2388393491885,0.0001219287905008357,16.001269879086042,0.012466319287927127,0.0035408014890683215,1
7Networks_LH_Limbic_TempPole_3-lh,98.20977112776498,1.0,1518.333436651273,0.0001734150350568634,16.001269879086042,0.010182286227905575,0.0017369120845703862,0
7Networks_LH_Limbic_TempPole_4-lh,79.87060133838455,1.0,1883.7274990313756,0.0007339130690373807,16.001269879086042,0.012520251297011531,0.0023300413480235598,1
7Networks_LH_SalVentAttn_FrOper_1-lh,63.89927242650315,1.0,2111.733579135295,0.008202713153600884,16.001269879086042,0.015649630457845957,0.0060491415231826665,1
7Networks_LH_SalVentAttn_FrOper_2-lh,70.29404489169471,1.0,2058.6802743470294,0.000786857399280324,16.001269879086042,0.014225956146651487,0.003296972890312375,0
7Networks_LH_SalVentAttn_FrOper_3-lh,50.0777012006789,1.0,2740.092430954702,0.005285712806194378,16.001269879086042,0.01996896774459853,0.0031206085821243613,0
7Networks_LH_SalVentAttn_FrOper_4-lh,57.688069848057076,292.18875071623586,2393.683903588,0.0070050575863092514,7.8105130539430405,0.01733460666362856,0.003909263263709567,0
7Networks_LH_SalVentAttn_Med_1-lh,54.592866610234836,1.0,2236.4809020871135,0.00014379807596526462,16.001269879086042,0.01831741145119726,0.0042918714950358,1
7Networks_LH_SalVentAttn_Med_2-lh,30.90418025948566,1.0,2117.2589218276235,0.00038019300690746686,16.001269879086042,0.03235808203303054,0.0029118382192288984,0
7Networks_LH_SalVentAttn_Med_3-lh,45.26151338379894,1.0,2760.4231783258024,0.0007576416623835543,16.001269879086042,0.022093825973524415,0.004982164905760925,1
7Networks_LH_SalVentAttn_PFCl_1-lh,71.13272714720432,1.0,2201.085519507856,0.00041692872510374517,16.001269879086042,0.014058226643420662,0.004125088706216079,0
7Networks_LH_SalVentAttn_ParOper_1-lh,38.170119808298686,1.0,2005.0808468740915,0.003575440498270812,16.001269879086042,0.026198503044325964,0.002655422232476971,0
7Networks_LH_SalVentAttn_ParOper_2-lh,29.800326255219336,1892.9656400725892,4278.777553382833,0.05909783779477676,5.114837370042013,0.03355667959591068,0.003107992288576059,0
7Networks_LH_SalVentAttn_ParOper_3-lh,23.374558777660397,193.6011277537811,2640.5550944578063,0.015181168003740829,8.40432633277294,0.04278155620014197,0.0022016149311733743,0
7Networks_LH_SomMot_1-lh,58.08925880824489,1.0,1914.6865454778147,0.0014850269503173222,16.001269879086042,0.01721488654728824,0.0025483710129810383,1
7Networks_LH_SomMot_10-lh,5.637000571832207,18820.46273040558,18820.46273040558,0.3109416175610473,1.80125540012824,0.1773993078867061,0.005658688572719655,1
7Networks_LH_SomMot_11-lh,24.675874358246386,2578.337266998799,3584.509694874715,0.08382142390308754,4.669044602407323,0.040525413020098794,0.0029679387504027957,1
7Networks_LH_SomMot_12-lh,17.688633994253912,3989.0165467836505,12161.450525112577,0.13209415513877348,4.03945248656338,0.05653347795679679,0.0055797085105907755,1
7Networks_LH_SomMot_13-lh,22.717852881412075,4821.787553430436,4821.787553430436,0.12402653102207947,3.7659175068108315,0.044018244383394516,0.0028822224540101535,1
7Networks_LH_SomMot_14-lh,29.859406814674706,54.24441294890104,5773.2227236114695,0.010483991022822662,10.239867233295966,0.033490283521256686,0.004184069011449743,1
7Networks_LH_SomMot_15-lh,44.29234219305338,1.0,3027.578826832742,0.006206656702494168,16.001269879086042,0.02257726619290943,0.007476654917907692,1
7Networks_LH_SomMot_16-lh,28.422301495794187,67.99947605004331,3862.731916079989,0.025503040991038357,9.91381815405506,0.03518363916264754,0.0012423270214294427,1
7Networks_LH_SomMot_2-lh,51.891846483796556,1.0,2176.801029104167,0.0026585168904928558,16.001269879086042,0.0192708501963262,0.003447907933108411,1
7Networks_LH_SomMot_3-lh,38.95082117669517,574.6723199458962,2772.409662134026,0.018658600810419358,6.834674128285746,0.025673399681707204,0.003633662870844369,1
7Networks_LH_SomMot_4-lh,51.065599790839414,1126.5329394854305,3285.5573636888194,0.035447219080563794,5.863596096263384,0.01958265454818742,0.004541618387331103,0
7Networks_LH_SomMot_5-lh,32.26316653477894,1.0,2982.782104268217,0.011409493486660404,16.001269879086042,0.030995097735432242,0.002532625480503589,0
7Networks_LH_SomMot_6-lh,32.51002436497288,4677.410856361044,4677.410856361044,0.12069521336128432,3.809775436053856,0.03075974317255281,0.0035143475325481997,0
7Networks_LH_SomMot_7-lh,19.769212027412614,3697.0851837926275,6278.286375784509,0.10602994193456955,4.149097309670942,0.05058370554240444,0.004029245053327214,1
7Networks_LH_SomMot_8-lh,39.40081740919135,1.0,2419.7768581292817,0.000538525610052965,16.001269879086042,0.025380184111782462,0.0034695382016304817,1
7Networks_LH_SomMot_9-lh,0.0,0.0,inf,0.0,,inf,0.0,1
7Networks_LH_Vis_1-lh,66.71916826582573,1.0,1354.8364732386137,4.7295916242034826e-05,16.001269879086042,0.014988196435779172,0.003059278655589834,1
7Networks_LH_Vis_10-lh,72.79762514196861,1.0,1559.891650445881,4.654447515456763e-05,16.001269879086042,0.013736711850830547,0.005127583316474544,0
7Networks_LH_Vis_11-lh,70.82422037628008,1.0,1593.0165426023718,0.00011765802080026371,16.001269879086042,0.014119463577390998,0.003749742454073517,0
7Networks_LH_Vis_12-lh,66.50993504475782,1.0,1503.1947469867594,4.195603019294466e-05,16.001269879086042,0.015035347716503566,0.0030149887661117918,1
7Networks_LH_Vis_13-lh,75.50640014215877,1.0,1602.3968958745772,0.00014527748413514267,16.001269879086042,0.013243910425040289,0.0065989262836340205,0
7Networks_LH_Vis_14-lh,70.78291556754483,1.0,1701.8543099518508,0.00018690803721513406,16.001269879086042,0.01412770287832728,0.004620586775764445,1
7Networks_LH_Vis_2-lh,81.36271822198817,1.0,1433.3445809357718,8.068038697906658e-05,16.001269879086042,0.012290641486087312,0.004485034580448212,1
7Networks_LH_Vis_3-lh,73.07678046454207,1.0,1405.1082034310523,0.00011738728479841529,16.001269879086042,0.013684237231622633,0.003580629815656364,0
7Networks_LH_Vis_4-lh,77.61468736345779,1.0,1494.4044513967117,4.08965513700641e-05,16.001269879086042,0.01288415935140152,0.0034323251578990775,1
7Networks_LH_Vis_5-lh,98.51432097115043,1.0,1415.8447201352897,0.00011452061930247698,16.001269879086042,0.010150808432134922,0.003162378602166361,0
7Networks_LH_Vis_6-lh,65.31212778738282,1.0,1358.5952968895676,5.11454094936418e-05,16.001269879086042,0.015311092041824164,0.0017207094053508867,0
7Networks_LH_Vis_7-lh,89.17403688551313,1.0,1517.8500300451672,8.868934156174191e-05,16.001269879086042,0.011214026357064656,0.004538313025305287,0
7Networks_LH_Vis_8-lh,63.044055566865744,1.0,1536.431827705496,0.00041073285090843797,16.001269879086042,0.015861923713638326,0.0038373671548937688,0
7Networks_LH_Vis_9-lh,86.870798317277,1.0,1485.1668368863532,8.36224960036724e-05,16.001269879086042,0.011511348109726285,0.0030969294932091094,0
7Networks_RH_Cont_PFCl_1-rh,126.066251634067,1.0,1357.9480013743203,4.225528706314507e-05,16.001269879086042,0.007932337061172438,0.0032091532872804305,0
7Networks_RH_Cont_PFCl_2-rh,117.23507201304595,1.0,1359.5556142239475,5.072565551287624e-05,16.001269879086042,0.008529870650727453,0.002180669132059777,0
7Networks_RH_Cont_PFCl_3-rh,116.18167915442145,1.0,1394.7304816010194,5.1058449416858184e-05,16.001269879086042,0.00860720904774377,0.003018561337732706,0
7Networks_RH_Cont_PFCl_4-rh,105.63455687468013,1.0,1543.4285764840686,8.970948927488641e-05,16.001269879086042,0.009466599090166611,0.004204706622644153,0
7Networks_RH_Cont_PFCl_5-rh,104.1053804182869,1.0,1597.9398074121552,5.7192838915479284e-05,16.001269879086042,0.00960565146567912,0.0036907674741459666,0
7Networks_RH_Cont_PFCl_6-rh,102.04546901081405,1.0,1429.7297936114926,8.700748790191878e-05,16.001269879086042,0.009799553176574917,0.0031910112693769536,0
7Networks_RH_Cont_PFCl_7-rh,99.64985796459305,1.0,1665.0970949586324,0.00028208582906371363,16.001269879086042,0.01003513723376619,0.005563445676101517,0
7Networks_RH_Cont_PFCmp_1-rh,60.001664209219705,1.0,2025.3529109697563,0.00042428425294168814,16.001269879086042,0.01666620439914969,0.0032815980360000416,1
7Networks_RH_Cont_PFCmp_2-rh,66.71765888978948,1.0,1847.6371250717184,0.00016153814607852696,16.001269879086042,0.014988535518788128,0.002590843538484069,0
7Networks_RH_Cont_PFCmp_3-rh,85.80121090601642,1.0,1925.783942130618,6.180985256954566e-05,16.001269879086042,0.011654847168711456,0.003388597910403364,0
7Networks_RH_Cont_PFCmp_4-rh,76.19849401356367,1.0,2281.8980723517107,0.0001685401745433366,16.001269879086042,0.013123618950028008,0.006727574826090244,0
7Networks_RH_Cont_PFCv_1-rh,107.79496749492438,1.0,1295.1684883411654,5.016366902253438e-05,16.001269879086042,0.00927687092671637,0.0022021020693890605,0
7Networks_RH_Cont_Par_1-rh,103.47339199756941,1.0,948.9753915729959,5.5297381884827013e-05,16.001269879086042,0.009664320273017531,0.0019352781229821907,0
7Networks_RH_Cont_Par_2-rh,97.74850526069635,1.0,1016.3103258719065,7.401863274967244e-05,16.001269879086042,0.01023033546480316,0.0018737480483875457,1
7Networks_RH_Cont_Par_3-rh,88.32197204653457,1.0,1282.2285783990637,8.188640733354391e-05,16.001269879086042,0.01132221096097272,0.00296429130841868,0
7Networks_RH_Cont_Temp_1-rh,121.88128229405268,1.0,1111.881562600037,4.7342971238676244e-05,16.001269879086042,0.00820470527695454,0.0030527404107315165,1
7Networks_RH_Cont_pCun_1-rh,74.33598785796998,1.0,1335.7229518511544,5.5332712567295816e-05,16.001269879086042,0.013452434397060136,0.0018499577504962623,0
7Networks_RH_Default_PCC_1-rh,74.7516243037122,1.0,1505.5808148745834,5.78217411613936e-05,16.001269879086042,0.013377635727847849,0.002897030193176438,1
7Networks_RH_Default_PCC_2-rh,65.8340154512124,1.0,1741.0493542647835,8.422477989460193e-05,16.001269879086042,0.015189716032756196,0.003279554432748153,1
7Networks_RH_Default_PCC_3-rh,61.917413989063355,1.0,1530.5420188795892,8.472834137010168e-05,16.001269879086042,0.016150545308249352,0.002610145223251732,1
7Networks_RH_Default_PFCm_1-rh,107.64809295047259,1.0,1524.6466235676025,3.5547148790588015e-05,16.001269879086042,0.009289528245150485,0.004296194560593456,1
7Networks_RH_Default_PFCm_2-rh,102.20628399129896,1.0,1691.9771349050882,4.536245707164957e-05,16.001269879086042,0.009784134213167678,0.0031326472120824468,1
7Networks_RH_Default_PFCm_3-rh,84.38637587965387,1.0,1399.9520092680325,5.835760595339076e-05,16.001269879086042,0.011850254138489514,0.0015879911325470417,1
7Networks_RH_Default_PFCm_4-rh,106.08302176258661,1.0,1854.5542914241505,5.232535629418324e-05,16.001269879086042,0.009426579139478098,0.006716357404532419,0
7Networks_RH_Default_PFCm_5-rh,94.43963824477697,1.0,1976.3961847100497,8.590677425571728e-05,16.001269879086042,0.010588774148076593,0.005355395858007756,0
7Networks_RH_Default_PFCm_6-rh,92.13846361808292,1.0,1651.5098000935395,0.00010630845153755722,16.001269879086042,0.010853230678395444,0.004218878792201074,0
7Networks_RH_Default_PFCm_7-rh,83.1587474221677,1.0,1563.443393512805,7.505298721560248e-05,16.001269879086042,0.01202519315163986,0.00322298862784875,0
7Networks_RH_Default_PFCv_1-rh,123.00507470457521,1.0,1319.6832262619782,5.195261809359147e-05,16.001269879086042,0.008129745885702103,0.003983892386960098,0
7Networks_RH_Default_Par_1-rh,99.73049761191398,1.0,1029.8635863462905,5.245004772927744e-05,16.001269879086042,0.010027023066618474,0.0032948546189732167,0
7Networks_RH_Default_Par_2-rh,98.11591343403049,1.0,1064.0164375186594,5.024058771849294e-05,16.001269879086042,0.010192026604046885,0.002687406205065779,0
7Networks_RH_Default_Par_3-rh,99.5109871359327,1.0,1183.1362943776528,8.549230043849746e-05,16.001269879086042,0.010049141595128517,0.0024000081760980536,0
7Networks_RH_Default_Temp_1-rh,130.43526874258396,1.0,1058.9650605550128,4.8657997940906254e-05,16.001269879086042,0.007666638092903505,0.0033369732889633936,0
7Networks_RH_Default_Temp_2-rh,129.74534998721614,1.0,1028.3735399865964,4.521732111248603e-05,16.001269879086042,0.007707405314321711,0.003289504468276321,0
7Networks_RH_Default_Temp_3-rh,116.44985342445055,1.0,1055.5776365034833,5.521055379593417e-05,16.001269879086042,0.008587387365401643,0.0026755544058440516,0
7Networks_RH_Default_Temp_4-rh,123.21000796433378,1.0,914.5685702113477,5.156138370365723e-05,16.001269879086042,0.008116223807805247,0.001899213554812334,0
7Networks_RH_Default_Temp_5-rh,105.20154184108709,1.0,922.6745730910778,5.280545759084372e-05,16.001269879086042,0.009505564105805187,0.0017778509684983677,1
7Networks_RH_DorsAttn_FEF_1-rh,82.79456134419269,1.0,2116.5170805988655,0.0015979501024592016,16.001269879086042,0.012078088026130248,0.0030715762534873855,0
7Networks_RH_DorsAttn_FEF_2-rh,77.234588579463,1.0,1779.9584330179987,0.00037821608187225183,16.001269879086042,0.01294756686599227,0.0036507950112613743,0
7Networks_RH_DorsAttn_Post_1-rh,115.43189114122895,1.0,1107.478046923494,4.004361327725599e-05,16.001269879086042,0.008663117186363317,0.003481550259524346,0
7Networks_RH_DorsAttn_Post_10-rh,68.5929157479819,1.0,1767.7949112896738,0.001794057218305723,16.001269879086042,0.014578765009408735,0.002583312505600577,1
7Networks_RH_DorsAttn_Post_2-rh,105.4510130055429,1.0,1049.2241274004691,4.3573803374658415e-05,16.001269879086042,0.009483076278721345,0.0030083107083379024,0
7Networks_RH_DorsAttn_Post_3-rh,102.44022282017474,1.0,1225.4892570613165,0.00016234609933331664,16.001269879086042,0.009761790559118721,0.001800062922977802,0
7Networks_RH_DorsAttn_Post_4-rh,91.16238788381966,1.0,1160.5050743222466,0.0001643168821048163,16.001269879086042,0.010969436224887316,0.002307802043673637,1
7Networks_RH_DorsAttn_Post_5-rh,82.2242943872314,1.0,1353.9724064980737,0.0003434812645516054,16.001269879086042,0.012161855658992313,0.002090886482242107,0
7Networks_RH_DorsAttn_Post_6-rh,74.05175174955373,1.0,1182.0282289533059,8.197616212885422e-05,16.001269879086042,0.013504069469984233,0.002272079354777481,0
7Networks_RH_DorsAttn_Post_7-rh,79.30640097209246,1.0,1182.1688473186389,0.00012862703585734365,16.001269879086042,0.012609322674368935,0.0021391078173293152,1
7Networks_RH_DorsAttn_Post_8-rh,74.33028759198119,1.0,1388.5734275942718,0.00024298834521216487,16.001269879086042,0.01345346604185453,0.0035502207043147595,0
7Networks_RH_DorsAttn_Post_9-rh,62.367028114269765,1.0,1452.8532569377985,0.0003395766599219586,16.001269879086042,0.016034113380675855,0.002554149174461344,0
7Networks_RH_DorsAttn_PrCv_1-rh,103.46990876443488,1.0,1489.5533273078797,0.00013147473636042733,16.001269879086042,0.009664645614761809,0.003982204025112724,0
7Networks_RH_Limbic_OFC_1-rh,114.1716715716037,1.0,1491.65804162637,3.578274434482447e-05,16.001269879086042,0.008758740116832238,0.004122056709344843,0
7Networks_RH_Limbic_OFC_2-rh,117.2749188637538,1.0,1422.538216714164,4.1346766552905014e-05,16.001269879086042,0.008526972431008608,0.0036048283874392634,0
7Networks_RH_Limbic_OFC_3-rh,124.17079836761793,1.0,1592.3431243415616,4.136208745162615e-05,16.001269879086042,0.008053423293932742,0.0035765983635961222,0
7Networks_RH_Limbic_TempPole_1-rh,125.53102979590126,1.0,1022.8381533309349,4.4457809244963674e-05,16.001269879086042,0.007966157862529152,0.002797305329972062,0
7Networks_RH_Limbic_TempPole_2-rh,127.37822555363354,1.0,994.2132232529137,4.1958071454622696e-05,16.001269879086042,0.00785063534723949,0.003191102268061556,0
7Networks_RH_Limbic_TempPole_3-rh,109.85215633305657,1.0,988.639162414426,4.6525500186883224e-05,16.001269879086042,0.009103144019932919,0.0021133710773670027,0
7Networks_RH_SalVentAttn_FrOper_1-rh,114.85541019606349,1.0,1131.2353335179002,5.733720151237207e-05,16.001269879086042,0.008706599003851484,0.002641972183211523,1
7Networks_RH_SalVentAttn_FrOper_2-rh,109.37841874586246,1.0,1197.7344085686962,0.0003160194241630693,16.001269879086042,0.009142571372543522,0.004950845099368405,0
7Networks_RH_SalVentAttn_FrOper_3-rh,104.6675465040923,1.0,1249.1245665010845,4.955176905962055e-05,16.001269879086042,0.00955405981510135,0.0022109544025890548,0
7Networks_RH_SalVentAttn_FrOper_4-rh,98.79033624521276,1.0,1343.6473943033222,7.888457594794424e-05,16.001269879086042,0.01012244757946614,0.003923407343468611,0
7Networks_RH_SalVentAttn_Med_1-rh,70.52080626125749,1.0,2219.415862446341,0.00012989667074960454,16.001269879086042,0.014180212238290546,0.0033865665167216222,1
7Networks_RH_SalVentAttn_Med_2-rh,66.57412417888338,1.0,1911.106725582197,0.00038638050945064006,16.001269879086042,0.015020851003807716,0.0032184169410364475,0
7Networks_RH_SalVentAttn_Med_3-rh,63.997564673142065,1.0,2801.790002658967,0.0010179568313190609,16.001269879086042,0.015625594584846306,0.006855921826494951,1
7Networks_RH_SalVentAttn_PrC_1-rh,99.07261756335373,1.0,1485.6324619752047,0.0006129052367937282,16.001269879086042,0.010093606332350433,0.002509193064372999,1
7Networks_RH_SalVentAttn_TempOccPar_1-rh,110.36621964343826,1.0,983.3165477740057,4.96189810298377e-05,16.001269879086042,0.009060743434274677,0.0021969111697836864,0
7Networks_RH_SalVentAttn_TempOccPar_2-rh,110.05032083273872,1.0,922.9346405676844,5.1311264095311264e-05,16.001269879086042,0.009086752246000826,0.0019347307640484206,1
7Networks_RH_SalVentAttn_TempOccPar_3-rh,99.45270342763209,1.0,1038.8361715130568,6.709395614068472e-05,16.001269879086042,0.010055030839133111,0.003118755046967616,0
7Networks_RH_SomMot_1-rh,108.6054595885382,1.0,1095.9865988003344,6.783239038348075e-05,16.001269879086042,0.00920764024008178,0.00226289005277297,1
7Networks_RH_SomMot_10-rh,83.93265105371768,1.0,1600.4700129180553,0.000871744466753366,16.001269879086042,0.011914314482453208,0.0027955317658597506,0
7Networks_RH_SomMot_11-rh,58.62412584391638,1.0,2371.8436344684305,0.0006887717847156178,16.001269879086042,0.017057823645207894,0.003949604799564721,1
7Networks_RH_SomMot_12-rh,83.7184230119118,1.0,1813.7737556902355,0.0010428369901796274,16.001269879086042,0.011944802159707618,0.0027518827296292227,1
7Networks_RH_SomMot_13-rh,78.00797414816284,1.0,1278.21015082383,0.0011349749509210947,16.001269879086042,0.01281920227925251,0.0021541133553894588,1
7Networks_RH_SomMot_14-rh,79.16882412969929,1.0,1918.8455542211739,0.0016891355482191936,16.001269879086042,0.012631234718880476,0.0037226478942466675,1
7Networks_RH_SomMot_15-rh,74.47621981147562,262.93319802253313,1477.5144015239844,0.006595461648770998,7.962717380756826,0.013427104685647803,0.0027744232053081713,1
7Networks_RH_SomMot_16-rh,69.79229632969988,1.0,2339.5306801995216,0.0019008636800137292,16.001269879086042,0.014328228939136559,0.004403640329321573,1
7Networks_RH_SomMot_17-rh,59.447979105521405,1.0,2593.032771245181,0.002971087141243129,16.001269879086042,0.016821429677617454,0.003835173286220787,0
7Networks_RH_SomMot_18-rh,54.38817494382428,619.8019552528932,2903.824014875302,0.008294128973794116,6.72560638319454,0.018386349625315913,0.0059656383292227295,0
7Networks_RH_SomMot_19-rh,66.41475334352893,76.50835878294299,1791.9216677942495,0.002866783994944062,9.743724408734252,0.015056895488680366,0.0015180228894371294,1
7Networks_RH_SomMot_2-rh,122.1390933465329,1.0,1000.0212856813489,5.454440848005645e-05,16.001269879086042,0.008187386794847094,0.002366193410777985,0
7Networks_RH_SomMot_3-rh,89.78347844131146,1.0,1204.3341127892777,0.00017045356973271672,16.001269879086042,0.011137906632272746,0.0027344222857737625,0
7Networks_RH_SomMot_4-rh,89.98564396345832,1.0,1087.00704797054,7.584962650916903e-05,16.001269879086042,0.011112883744056813,0.002127161501914605,0
7Networks_RH_SomMot_5-rh,114.9796477731606,1.0,1160.083827280991,8.287951688689004e-05,16.001269879086042,0.008697191367057114,0.0016257855209102924,0
7Networks_RH_SomMot_6-rh,108.90468953935611,1.0,1091.6766314319045,7.255884331368519e-05,16.001269879086042,0.009182341038111299,0.001955973940924034,1
7Networks_RH_SomMot_7-rh,101.5879993764962,1.0,1451.6268984042238,0.00024817745638685244,16.001269879086042,0.00984368238510034,0.0022639246048028437,0
7Networks_RH_SomMot_8-rh,62.834413576634056,1.0,1648.2689680264373,0.00020559598040618127,16.001269879086042,0.015914845752167017,0.0015349400075087775,1
7Networks_RH_SomMot_9-rh,94.27629912931195,1.0,1562.8538642120766,0.0012492987319915906,16.001269879086042,0.010607119808854319,0.0028385272021474884,1
7Networks_RH_Vis_1-rh,114.68971723322667,1.0,1062.8303719677224,4.035620485810369e-05,16.001269879086042,0.008719177482724588,0.0029592289379846318,1
7Networks_RH_Vis_10-rh,94.47754810959398,1.0,1271.5807024177366,3.827964513834656e-05,16.001269879086042,0.010584525318544463,0.003170311558314776,0
7Networks_RH_Vis_11-rh,104.92069831011531,1.0,1247.8041700973913,3.896664871720486e-05,16.001269879086042,0.009531007857422837,0.0033907374662289686,0
7Networks_RH_Vis_12-rh,95.07139103999683,1.0,1330.2958344450667,3.683581076174633e-05,16.001269879086042,0.010518411364984624,0.004859465894890245,0
7Networks_RH_Vis_13-rh,79.53595820145462,1.0,1323.6277241975438,3.530324049320886e-05,16.001269879086042,0.01257292956057844,0.0038541210789787075,0
7Networks_RH_Vis_14-rh,86.02289952264388,1.0,1440.6394153689102,4.37250288500877e-05,16.001269879086042,0.011624811597251138,0.004687112966542516,0
7Networks_RH_Vis_15-rh,90.19814223876446,1.0,1226.3294994525363,5.136005270798846e-05,16.001269879086042,0.011086702843090596,0.0029645711153786576,0
7Networks_RH_Vis_2-rh,102.30610617156174,1.0,1098.355557093418,4.2553013469424975e-05,16.001269879086042,0.009774587631387855,0.0028683981410363656,0
7Networks_RH_Vis_3-rh,106.59834644618215,1.0,1199.4204873441122,3.708061037725617e-05,16.001269879086042,0.009381008555370657,0.003880106603730435,0
7Networks_RH_Vis_4-rh,91.50852597774438,1.0,1250.322337202451,3.511691933596042e-05,16.001269879086042,0.010927943481935314,0.0032611361899867234,1
7Networks_RH_Vis_5-rh,115.54760164480435,1.0,1170.9643107685317,3.76480307983455e-05,16.001269879086042,0.008654441855695284,0.003433038823848195,0
7Networks_RH_Vis_6-rh,105.54887260360445,1.0,1273.1609616757817,3.7013373196020974e-05,16.001269879086042,0.009474284048069031,0.004017619854732214,0
7Networks_RH_Vis_7-rh,90.6338784516731,1.0,1207.0032040287203,4.327010453560162e-05,16.001269879086042,0.011033401825932123,0.002469729465024025,0
7Networks_RH_Vis_8-rh,114.7492134977921,1.0,1264.747711638013,3.712576787920289e-05,16.001269879086042,0.008714656680581441,0.003702303222988047,0
7Networks_RH_Vis_9-rh,91.29238478540894,1.0,1291.027307681603,3.332497886065699e-05,16.001269879086042,0.010953816162767475,0.004165712244064375,0
